가,196,14,8051,IC,*,F,가,*,*,*,*
가동가동,196,15,4380,IC,*,T,가동가동,*,*,*,*
가마이,196,14,4385,IC,*,F,가마이,*,*,*,*
가만,196,15,4584,IC,*,T,가만,*,*,*,*
갈갈갈갈,196,15,4380,IC,*,T,갈갈갈갈,*,*,*,*
개새끼,196,14,4282,IC,*,F,개새끼,*,*,*,*
개자식,196,15,4380,IC,*,T,개자식,*,*,*,*
갸르르,196,14,4380,IC,*,F,갸르르,*,*,*,*
갸르르르르,196,14,4380,IC,*,F,갸르르르르,*,*,*,*
갸르르르르르,196,14,4380,IC,*,F,갸르르르르르,*,*,*,*
거,196,14,6164,IC,*,F,거,*,*,*,*
거봐,196,14,4423,IC,*,F,거봐,*,*,*,*
거시기,196,14,4859,IC,*,F,거시기,*,*,*,*
거참,196,15,4805,IC,*,T,거참,*,*,*,*
걸음마,196,14,4374,IC,*,F,걸음마,*,*,*,*
게,196,14,5458,IC,*,F,게,*,*,*,*
경롓,196,15,4379,IC,*,T,경롓,*,*,*,*
고,196,14,7673,IC,*,F,고,*,*,*,*
고수레,196,14,4380,IC,*,F,고수레,*,*,*,*
고오,196,14,4400,IC,*,F,고오,*,*,*,*
고이연,196,15,4386,IC,*,T,고이연,*,*,*,*
곤두곤두,196,14,4380,IC,*,F,곤두곤두,*,*,*,*
곤지곤지,196,14,4380,IC,*,F,곤지곤지,*,*,*,*
과연,196,15,5401,IC,*,T,과연,*,*,*,*
구구,196,14,4686,IC,*,F,구구,*,*,*,*
구구구,196,14,4456,IC,*,F,구구구,*,*,*,*
그,196,14,3121,IC,*,F,그,*,*,*,*
그거참,196,15,4789,IC,*,T,그거참,*,*,*,*
그것참,196,15,4380,IC,*,T,그것참,*,*,*,*
그까,196,14,6002,IC,*,F,그까,*,*,*,*
그래,196,14,3568,IC,*,F,그래,*,*,*,*
그래그래,196,14,5032,IC,*,F,그래그래,*,*,*,*
그래두야,196,14,4380,IC,*,F,그래두야,*,*,*,*
그래설라무네,196,14,4380,IC,*,F,그래설라무네,*,*,*,*
그래애,196,14,4380,IC,*,F,그래애,*,*,*,*
그래에,196,14,4380,IC,*,F,그래에,*,*,*,*
그래요,196,14,5570,IC,*,F,그래요,*,*,*,*
그래이,196,14,4637,IC,*,F,그래이,*,*,*,*
그랴,196,14,4381,IC,*,F,그랴,*,*,*,*
그러게,196,14,1852,IC,*,F,그러게,*,*,*,*
그러니깐요,196,14,4750,IC,*,F,그러니깐요,*,*,*,*
그러먼,196,15,4380,IC,*,T,그러먼,*,*,*,*
그러면요,196,14,4717,IC,*,F,그러면요,*,*,*,*
그러믄,196,15,5249,IC,*,T,그러믄,*,*,*,*
그러믄요,196,14,4380,IC,*,F,그러믄요,*,*,*,*
그러엄,196,15,4380,IC,*,T,그러엄,*,*,*,*
그런,196,15,6195,IC,*,T,그런,*,*,*,*
그럼,196,15,4477,IC,*,T,그럼,*,*,*,*
그럼요,196,14,4659,IC,*,F,그럼요,*,*,*,*
그럼유,196,14,4380,IC,*,F,그럼유,*,*,*,*
그럼입쇼,196,14,4380,IC,*,F,그럼입쇼,*,*,*,*
그럼입죠,196,14,4380,IC,*,F,그럼입죠,*,*,*,*
그렇지,196,14,6804,IC,*,F,그렇지,*,*,*,*
그려,196,14,5543,IC,*,F,그려,*,*,*,*
그려어,196,14,4380,IC,*,F,그려어,*,*,*,*
그류,196,14,4380,IC,*,F,그류,*,*,*,*
그르게,196,14,4353,IC,*,F,그르게,*,*,*,*
그르니깐요,196,14,4380,IC,*,F,그르니깐요,*,*,*,*
그르치,196,14,4380,IC,*,F,그르치,*,*,*,*
그리고,196,14,4516,IC,*,F,그리고,*,*,*,*
그으래,196,14,4380,IC,*,F,그으래,*,*,*,*
그죠,196,14,3431,IC,*,F,그죠,*,*,*,*
그지,196,14,3647,IC,*,F,그지,*,*,*,*
그지요,196,14,4189,IC,*,F,그지요,*,*,*,*
그쵸,196,14,2767,IC,*,F,그쵸,*,*,*,*
그치,196,14,2498,IC,*,F,그치,*,*,*,*
글쎄,196,14,2292,IC,*,F,글쎄,*,*,*,*
글쎄다,196,14,4380,IC,*,F,글쎄다,*,*,*,*
글쎄올시다,196,14,4380,IC,*,F,글쎄올시다,*,*,*,*
글쎄요,196,14,4738,IC,*,F,글쎄요,*,*,*,*
글쎄요라니,196,14,4380,IC,*,F,글쎄요라니,*,*,*,*
글씨,196,14,4253,IC,*,F,글씨,*,*,*,*
글쿠나,196,14,4380,IC,*,F,글쿠나,*,*,*,*
기,196,14,7312,IC,*,F,기,*,*,*,*
기쎄,196,14,4380,IC,*,F,기쎄,*,*,*,*
길티,196,14,4380,IC,*,F,길티,*,*,*,*
까,196,14,7418,IC,*,F,까,*,*,*,*
까꽁,196,15,4380,IC,*,T,까꽁,*,*,*,*
까꿍,196,15,4182,IC,*,T,까꿍,*,*,*,*
까르르,196,14,4380,IC,*,F,까르르,*,*,*,*
까악까악,196,15,4380,IC,*,T,까악까악,*,*,*,*
까짓,196,15,4218,IC,*,T,까짓,*,*,*,*
까짓거,196,14,5421,IC,*,F,까짓거,*,*,*,*
까짓것,196,15,4586,IC,*,T,까짓것,*,*,*,*
깔깔깔,196,15,4380,IC,*,T,깔깔깔,*,*,*,*
깔깔깔깔,196,15,4380,IC,*,T,깔깔깔깔,*,*,*,*
꺄르르,196,14,4380,IC,*,F,꺄르르,*,*,*,*
꺄아,196,14,4380,IC,*,F,꺄아,*,*,*,*
꺄악,196,15,4380,IC,*,T,꺄악,*,*,*,*
껄껄껄,196,15,4380,IC,*,T,껄껄껄,*,*,*,*
꽤,196,14,4350,IC,*,F,꽤,*,*,*,*
끄응,196,15,4380,IC,*,T,끄응,*,*,*,*
끄치,196,14,4416,IC,*,F,끄치,*,*,*,*
끙,196,15,4387,IC,*,T,끙,*,*,*,*
끼끼끼,196,14,4380,IC,*,F,끼끼끼,*,*,*,*
끼약,196,15,4380,IC,*,T,끼약,*,*,*,*
낑,196,15,4384,IC,*,T,낑,*,*,*,*
나,196,14,7846,IC,*,F,나,*,*,*,*
나무아미타불,196,15,4380,IC,*,T,나무아미타불,*,*,*,*
나원,196,15,4622,IC,*,T,나원,*,*,*,*
나원참,196,15,4380,IC,*,T,나원참,*,*,*,*
나참,196,15,4580,IC,*,T,나참,*,*,*,*
내,196,14,7022,IC,*,F,내,*,*,*,*
내롱,196,15,4380,IC,*,T,내롱,*,*,*,*
내롱내롱,196,15,4380,IC,*,T,내롱내롱,*,*,*,*
내참,196,15,4380,IC,*,T,내참,*,*,*,*
넘차,196,14,4380,IC,*,F,넘차,*,*,*,*
네,196,14,3301,IC,*,F,네,*,*,*,*
네기,196,14,4380,IC,*,F,네기,*,*,*,*
네네,196,14,3610,IC,*,F,네네,*,*,*,*
네네네,196,14,3707,IC,*,F,네네네,*,*,*,*
네미,196,14,4380,IC,*,F,네미,*,*,*,*
네버,196,14,4380,IC,*,F,네버,*,*,*,*
네에,196,14,3474,IC,*,F,네에,*,*,*,*
네엣,196,15,4163,IC,*,T,네엣,*,*,*,*
네헤,196,14,4380,IC,*,F,네헤,*,*,*,*
넨장,196,15,4380,IC,*,T,넨장,*,*,*,*
넨장맞을,196,15,4380,IC,*,T,넨장맞을,*,*,*,*
넷,196,15,5449,IC,*,T,넷,*,*,*,*
녜,196,14,4381,IC,*,F,녜,*,*,*,*
녜에,196,14,4380,IC,*,F,녜에,*,*,*,*
녠장할,196,15,4380,IC,*,T,녠장할,*,*,*,*
노,196,14,6765,IC,*,F,노,*,*,*,*
노노,196,14,4380,IC,*,F,노노,*,*,*,*
노노노노노,196,14,4380,IC,*,F,노노노노노,*,*,*,*
노래,196,14,6766,IC,*,F,노래,*,*,*,*
노우,196,14,4195,IC,*,F,노우,*,*,*,*
놈이야,196,14,4380,IC,*,F,놈이야,*,*,*,*
누,196,14,6079,IC,*,F,누,*,*,*,*
느메랄,196,15,4380,IC,*,T,느메랄,*,*,*,*
니기럴,196,15,4380,IC,*,T,니기럴,*,*,*,*
니기미,196,14,4380,IC,*,F,니기미,*,*,*,*
니나노,196,14,4380,IC,*,F,니나노,*,*,*,*
니미,196,14,4455,IC,*,F,니미,*,*,*,*
니미럴,196,15,4380,IC,*,T,니미럴,*,*,*,*
니히히,196,14,4380,IC,*,F,니히히,*,*,*,*
닐리리,196,14,4380,IC,*,F,닐리리,*,*,*,*
다다다다다다다다다다,196,14,4380,IC,*,F,다다다다다다다다다다,*,*,*,*
달강달강,196,15,4380,IC,*,T,달강달강,*,*,*,*
데끼,196,14,4380,IC,*,F,데끼,*,*,*,*
도리도리,196,14,4380,IC,*,F,도리도리,*,*,*,*
된장,196,15,4963,IC,*,T,된장,*,*,*,*
두,196,14,6695,IC,*,F,두,*,*,*,*
두두,196,14,4381,IC,*,F,두두,*,*,*,*
두야,196,14,4380,IC,*,F,두야,*,*,*,*
둥개둥개,196,14,4380,IC,*,F,둥개둥개,*,*,*,*
둥둥,196,15,4380,IC,*,T,둥둥,*,*,*,*
따,196,14,6725,IC,*,F,따,*,*,*,*
따다,196,14,5023,IC,*,F,따다,*,*,*,*
따란,196,15,4380,IC,*,T,따란,*,*,*,*
따로따로,196,14,4574,IC,*,F,따로따로,*,*,*,*
땡큐,196,14,4652,IC,*,F,땡큐,*,*,*,*
떠그랄,196,15,4380,IC,*,T,떠그랄,*,*,*,*
떡을할,196,15,4380,IC,*,T,떡을할,*,*,*,*
떽,196,15,4380,IC,*,T,떽,*,*,*,*
또,196,14,8073,IC,*,F,또,*,*,*,*
또라이,196,14,4380,IC,*,F,또라이,*,*,*,*
뚜뚜뚜뚜뚜,196,14,4380,IC,*,F,뚜뚜뚜뚜뚜,*,*,*,*
뜨아,196,14,4380,IC,*,F,뜨아,*,*,*,*
뜨어이,196,14,4276,IC,*,F,뜨어이,*,*,*,*
띠,196,14,4427,IC,*,F,띠,*,*,*,*
띠따,196,14,4338,IC,*,F,띠따,*,*,*,*
띠얏,196,15,4380,IC,*,T,띠얏,*,*,*,*
띵호,196,14,4394,IC,*,F,띵호,*,*,*,*
라,196,14,8117,IC,*,F,라,*,*,*,*
라라,196,14,4414,IC,*,F,라라,*,*,*,*
라라라,196,14,4380,IC,*,F,라라라,*,*,*,*
라라라라,196,14,4380,IC,*,F,라라라라,*,*,*,*
라라라라라,196,14,4380,IC,*,F,라라라라라,*,*,*,*
라랄라랄,196,15,4380,IC,*,T,라랄라랄,*,*,*,*
랄랄라,196,14,4380,IC,*,F,랄랄라,*,*,*,*
랄랄랄라,196,14,4380,IC,*,F,랄랄랄라,*,*,*,*
룰라,196,14,4358,IC,*,F,룰라,*,*,*,*
마,196,14,6393,IC,*,F,마,*,*,*,*
마스크,196,14,4382,IC,*,F,마스크,*,*,*,*
마흔세에,196,14,4380,IC,*,F,마흔세에,*,*,*,*
막,196,15,5717,IC,*,T,막,*,*,*,*
만만세,196,14,4380,IC,*,F,만만세,*,*,*,*
만세,196,14,4328,IC,*,F,만세,*,*,*,*
만세에,196,14,4380,IC,*,F,만세에,*,*,*,*
맙소사,196,14,4380,IC,*,F,맙소사,*,*,*,*
맞아,196,14,6025,IC,*,F,맞아,*,*,*,*
맞았어,196,14,4439,IC,*,F,맞았어,*,*,*,*
머,196,14,5487,IC,*,F,머,*,*,*,*
머시기,196,14,4380,IC,*,F,머시기,*,*,*,*
머지,196,14,4837,IC,*,F,머지,*,*,*,*
멀,196,15,5285,IC,*,T,멀,*,*,*,*
멍군,196,15,4380,IC,*,T,멍군,*,*,*,*
메롱,196,15,4380,IC,*,T,메롱,*,*,*,*
메헤헤헤,196,14,4380,IC,*,F,메헤헤헤,*,*,*,*
모,196,14,6869,IC,*,F,모,*,*,*,*
무,196,14,6905,IC,*,F,무,*,*,*,*
무슨,196,15,4944,IC,*,T,무슨,*,*,*,*
무시기,196,14,4380,IC,*,F,무시기,*,*,*,*
무애,196,14,4380,IC,*,F,무애,*,*,*,*
무어,196,14,4332,IC,*,F,무어,*,*,*,*
무얼,196,15,4891,IC,*,T,무얼,*,*,*,*
뭐,196,14,281,IC,*,F,뭐,*,*,*,*
뭐야,196,14,5452,IC,*,F,뭐야,*,*,*,*
뭐얏,196,15,4380,IC,*,T,뭐얏,*,*,*,*
뭐어,196,14,4492,IC,*,F,뭐어,*,*,*,*
뭘,196,15,3738,IC,*,T,뭘,*,*,*,*
뭣,196,15,3976,IC,*,T,뭣,*,*,*,*
미안,196,15,3931,IC,*,T,미안,*,*,*,*
배라먹을,196,15,4380,IC,*,T,배라먹을,*,*,*,*
보입시더,196,14,4380,IC,*,F,보입시더,*,*,*,*
복,196,15,6913,IC,*,T,복,*,*,*,*
브라보,196,14,4379,IC,*,F,브라보,*,*,*,*
비비비뱃종뱃종,196,15,4380,IC,*,T,비비비뱃종뱃종,*,*,*,*
빌어먹을,196,15,4258,IC,*,T,빌어먹을,*,*,*,*
빠샤,196,14,4380,IC,*,F,빠샤,*,*,*,*
빠이,196,14,4429,IC,*,F,빠이,*,*,*,*
빠이빠이,196,14,4380,IC,*,F,빠이빠이,*,*,*,*
뿌뿌뿌뿌뿌뿌,196,14,4380,IC,*,F,뿌뿌뿌뿌뿌뿌,*,*,*,*
삐리리삐리리,196,14,4380,IC,*,F,삐리리삐리리,*,*,*,*
상사두야,196,14,4380,IC,*,F,상사두야,*,*,*,*
상사뒤요,196,14,4380,IC,*,F,상사뒤요,*,*,*,*
상사디야,196,14,4380,IC,*,F,상사디야,*,*,*,*
새꺄,196,14,4577,IC,*,F,새꺄,*,*,*,*
서,196,14,8216,IC,*,F,서,*,*,*,*
섬마섬마,196,14,4380,IC,*,F,섬마섬마,*,*,*,*
세발세발,196,15,4380,IC,*,T,세발세발,*,*,*,*
세상에,196,14,2659,IC,*,F,세상에,*,*,*,*
숴,196,14,4380,IC,*,F,숴,*,*,*,*
숴이,196,14,4380,IC,*,F,숴이,*,*,*,*
쉬,196,14,4532,IC,*,F,쉬,*,*,*,*
쉬쉬쉬,196,14,4380,IC,*,F,쉬쉬쉬,*,*,*,*
쉬야,196,14,4380,IC,*,F,쉬야,*,*,*,*
쉬이,196,14,4446,IC,*,F,쉬이,*,*,*,*
쉬이이,196,14,4281,IC,*,F,쉬이이,*,*,*,*
쉬잇,196,15,4380,IC,*,T,쉬잇,*,*,*,*
쉿,196,15,4380,IC,*,T,쉿,*,*,*,*
스,196,14,7001,IC,*,F,스,*,*,*,*
스으을,196,15,4380,IC,*,T,스으을,*,*,*,*
시,196,14,7623,IC,*,F,시,*,*,*,*
시발놈,196,15,4380,IC,*,T,시발놈,*,*,*,*
시이,196,14,4528,IC,*,F,시이,*,*,*,*
시장시장,196,15,4380,IC,*,T,시장시장,*,*,*,*
시팔,196,15,4381,IC,*,T,시팔,*,*,*,*
십새끼,196,14,4380,IC,*,F,십새끼,*,*,*,*
십팔,196,15,4558,IC,*,T,십팔,*,*,*,*
싸아어,196,14,4380,IC,*,F,싸아어,*,*,*,*
쌍,196,15,5056,IC,*,T,쌍,*,*,*,*
쌍간나희,196,14,4380,IC,*,F,쌍간나희,*,*,*,*
썅,196,15,4380,IC,*,T,썅,*,*,*,*
써우르,196,14,4380,IC,*,F,써우르,*,*,*,*
쏘리,196,14,4380,IC,*,F,쏘리,*,*,*,*
쒸,196,14,4380,IC,*,F,쒸,*,*,*,*
쓰,196,14,4969,IC,*,F,쓰,*,*,*,*
쓰벌,196,15,4380,IC,*,T,쓰벌,*,*,*,*
쓰으벌,196,15,4380,IC,*,T,쓰으벌,*,*,*,*
씨,196,14,4644,IC,*,F,씨,*,*,*,*
씨발,196,15,3497,IC,*,T,씨발,*,*,*,*
씨발놈,196,15,4380,IC,*,T,씨발놈,*,*,*,*
씨발씨발,196,15,4380,IC,*,T,씨발씨발,*,*,*,*
씨버럴,196,15,4380,IC,*,T,씨버럴,*,*,*,*
씨벌놈,196,15,4380,IC,*,T,씨벌놈,*,*,*,*
씨부랄,196,15,4380,IC,*,T,씨부랄,*,*,*,*
씨부럴,196,15,4380,IC,*,T,씨부럴,*,*,*,*
씨비,196,14,4450,IC,*,F,씨비,*,*,*,*
씨씨,196,14,4380,IC,*,F,씨씨,*,*,*,*
씨이,196,14,4500,IC,*,F,씨이,*,*,*,*
씨이잉,196,15,4380,IC,*,T,씨이잉,*,*,*,*
씨이팔,196,15,4380,IC,*,T,씨이팔,*,*,*,*
씨팔,196,15,4196,IC,*,T,씨팔,*,*,*,*
씹새끼들,196,15,4380,IC,*,T,씹새끼들,*,*,*,*
아,196,14,3532,IC,*,F,아,*,*,*,*
아가,196,14,5616,IC,*,F,아가,*,*,*,*
아고,196,14,4656,IC,*,F,아고,*,*,*,*
아고매,196,14,4380,IC,*,F,아고매,*,*,*,*
아고머니,196,14,4380,IC,*,F,아고머니,*,*,*,*
아고메나,196,14,4380,IC,*,F,아고메나,*,*,*,*
아구,196,14,4436,IC,*,F,아구,*,*,*,*
아구구,196,14,4380,IC,*,F,아구구,*,*,*,*
아구구구,196,14,4380,IC,*,F,아구구구,*,*,*,*
아구메,196,14,4380,IC,*,F,아구메,*,*,*,*
아그,196,14,5139,IC,*,F,아그,*,*,*,*
아그그,196,14,4380,IC,*,F,아그그,*,*,*,*
아그그그그,196,14,4380,IC,*,F,아그그그그,*,*,*,*
아나,196,14,6516,IC,*,F,아나,*,*,*,*
아냐,196,14,3792,IC,*,F,아냐,*,*,*,*
아녀,196,14,4381,IC,*,F,아녀,*,*,*,*
아녜유,196,14,4380,IC,*,F,아녜유,*,*,*,*
아뇨,196,14,3011,IC,*,F,아뇨,*,*,*,*
아니,196,14,2344,IC,*,F,아니,*,*,*,*
아니다,196,14,5387,IC,*,F,아니다,*,*,*,*
아니야,196,14,2255,IC,*,F,아니야,*,*,*,*
아니예,196,14,4384,IC,*,F,아니예,*,*,*,*
아니오,196,14,4469,IC,*,F,아니오,*,*,*,*
아니요,196,14,3372,IC,*,F,아니요,*,*,*,*
아니유,196,14,4380,IC,*,F,아니유,*,*,*,*
아니지,196,14,5708,IC,*,F,아니지,*,*,*,*
아두,196,14,4677,IC,*,F,아두,*,*,*,*
아따,196,14,4520,IC,*,F,아따,*,*,*,*
아따메,196,14,4380,IC,*,F,아따메,*,*,*,*
아리,196,14,5384,IC,*,F,아리,*,*,*,*
아멘,196,15,3019,IC,*,T,아멘,*,*,*,*
아무러면요,196,14,4380,IC,*,F,아무러면요,*,*,*,*
아무려나,196,14,4109,IC,*,F,아무려나,*,*,*,*
아무려면,196,15,4380,IC,*,T,아무려면,*,*,*,*
아무렴,196,15,4153,IC,*,T,아무렴,*,*,*,*
아무렴요,196,14,4380,IC,*,F,아무렴요,*,*,*,*
아무리,196,14,4573,IC,*,F,아무리,*,*,*,*
아민,196,15,4385,IC,*,T,아민,*,*,*,*
아뿔사,196,14,4380,IC,*,F,아뿔사,*,*,*,*
아뿔싸,196,14,4375,IC,*,F,아뿔싸,*,*,*,*
아서,196,14,3888,IC,*,F,아서,*,*,*,*
아서라,196,14,4389,IC,*,F,아서라,*,*,*,*
아서요,196,14,4598,IC,*,F,아서요,*,*,*,*
아소,196,14,4503,IC,*,F,아소,*,*,*,*
아스서요,196,14,4380,IC,*,F,아스서요,*,*,*,*
아싸,196,14,4410,IC,*,F,아싸,*,*,*,*
아쎄,196,14,4380,IC,*,F,아쎄,*,*,*,*
아씨,196,14,4830,IC,*,F,아씨,*,*,*,*
아아,196,14,3984,IC,*,F,아아,*,*,*,*
아아뇨,196,14,4380,IC,*,F,아아뇨,*,*,*,*
아아니,196,14,4750,IC,*,F,아아니,*,*,*,*
아아니요,196,14,4380,IC,*,F,아아니요,*,*,*,*
아아따,196,14,4380,IC,*,F,아아따,*,*,*,*
아아씨,196,14,4380,IC,*,F,아아씨,*,*,*,*
아아아,196,14,4573,IC,*,F,아아아,*,*,*,*
아아아아,196,14,4674,IC,*,F,아아아아,*,*,*,*
아아아아아,196,14,4790,IC,*,F,아아아아아,*,*,*,*
아아악,196,15,4380,IC,*,T,아아악,*,*,*,*
아아이,196,14,4380,IC,*,F,아아이,*,*,*,*
아악,196,15,4380,IC,*,T,아악,*,*,*,*
아암,196,15,4380,IC,*,T,아암,*,*,*,*
아앗,196,15,4380,IC,*,T,아앗,*,*,*,*
아앙,196,15,4380,IC,*,T,아앙,*,*,*,*
아야,196,14,4642,IC,*,F,아야,*,*,*,*
아야야,196,14,4380,IC,*,F,아야야,*,*,*,*
아야야야,196,14,4380,IC,*,F,아야야야,*,*,*,*
아야야야야,196,14,4380,IC,*,F,아야야야야,*,*,*,*
아얏,196,15,4380,IC,*,T,아얏,*,*,*,*
아오,196,14,4856,IC,*,F,아오,*,*,*,*
아옹,196,15,4547,IC,*,T,아옹,*,*,*,*
아요,196,14,5083,IC,*,F,아요,*,*,*,*
아우,196,14,2940,IC,*,F,아우,*,*,*,*
아웅,196,15,4380,IC,*,T,아웅,*,*,*,*
아유,196,14,4096,IC,*,F,아유,*,*,*,*
아으,196,14,4107,IC,*,F,아으,*,*,*,*
아음,196,15,4458,IC,*,T,아음,*,*,*,*
아응,196,15,4394,IC,*,T,아응,*,*,*,*
아이,196,14,2603,IC,*,F,아이,*,*,*,*
아이갸,196,14,4380,IC,*,F,아이갸,*,*,*,*
아이고,196,14,3367,IC,*,F,아이고,*,*,*,*
아이고나,196,14,4380,IC,*,F,아이고나,*,*,*,*
아이고매,196,14,4380,IC,*,F,아이고매,*,*,*,*
아이고머니,196,14,4380,IC,*,F,아이고머니,*,*,*,*
아이고머니나,196,14,4380,IC,*,F,아이고머니나,*,*,*,*
아이고아이고,196,14,4380,IC,*,F,아이고아이고,*,*,*,*
아이고야,196,14,4380,IC,*,F,아이고야,*,*,*,*
아이고오,196,14,4380,IC,*,F,아이고오,*,*,*,*
아이구,196,14,3088,IC,*,F,아이구,*,*,*,*
아이구매,196,14,4380,IC,*,F,아이구매,*,*,*,*
아이구머니,196,14,4380,IC,*,F,아이구머니,*,*,*,*
아이구머니나,196,14,4380,IC,*,F,아이구머니나,*,*,*,*
아이구우,196,14,4380,IC,*,F,아이구우,*,*,*,*
아이그,196,14,4645,IC,*,F,아이그,*,*,*,*
아이뜨,196,14,4380,IC,*,F,아이뜨,*,*,*,*
아이씨,196,14,4539,IC,*,F,아이씨,*,*,*,*
아이아,196,14,4510,IC,*,F,아이아,*,*,*,*
아이아이,196,14,4601,IC,*,F,아이아이,*,*,*,*
아이야,196,14,4439,IC,*,F,아이야,*,*,*,*
아이이고,196,14,4380,IC,*,F,아이이고,*,*,*,*
아이이고오,196,14,4380,IC,*,F,아이이고오,*,*,*,*
아이잉,196,15,4380,IC,*,T,아이잉,*,*,*,*
아이참,196,15,4380,IC,*,T,아이참,*,*,*,*
아이코,196,14,4380,IC,*,F,아이코,*,*,*,*
아이쿠,196,14,4380,IC,*,F,아이쿠,*,*,*,*
아잇,196,15,4380,IC,*,T,아잇,*,*,*,*
아잉,196,15,4380,IC,*,T,아잉,*,*,*,*
아자,196,14,4152,IC,*,F,아자,*,*,*,*
아주,196,14,5523,IC,*,F,아주,*,*,*,*
아쭈,196,14,4380,IC,*,F,아쭈,*,*,*,*
아차,196,14,4787,IC,*,F,아차,*,*,*,*
아차차,196,14,4380,IC,*,F,아차차,*,*,*,*
아참,196,15,5797,IC,*,T,아참,*,*,*,*
아쿠쿠,196,14,4380,IC,*,F,아쿠쿠,*,*,*,*
아크,196,14,4453,IC,*,F,아크,*,*,*,*
아하,196,14,4401,IC,*,F,아하,*,*,*,*
아하이고,196,14,4380,IC,*,F,아하이고,*,*,*,*
아하하,196,14,4380,IC,*,F,아하하,*,*,*,*
아하하하,196,14,4380,IC,*,F,아하하하,*,*,*,*
아함,196,15,4424,IC,*,T,아함,*,*,*,*
아항,196,15,4399,IC,*,T,아항,*,*,*,*
아효,196,14,4375,IC,*,F,아효,*,*,*,*
아후,196,14,4145,IC,*,F,아후,*,*,*,*
아휴,196,14,2880,IC,*,F,아휴,*,*,*,*
아흐,196,14,4381,IC,*,F,아흐,*,*,*,*
아흠,196,15,4380,IC,*,T,아흠,*,*,*,*
아히,196,14,4365,IC,*,F,아히,*,*,*,*
악,196,15,6545,IC,*,T,악,*,*,*,*
악아,196,14,4380,IC,*,F,악아,*,*,*,*
안,196,15,6804,IC,*,T,안,*,*,*,*
안녕,196,15,3567,IC,*,T,안녕,*,*,*,*
알나리깔나리,196,14,4380,IC,*,F,알나리깔나리,*,*,*,*
알라,196,14,4409,IC,*,F,알라,*,*,*,*
암,196,15,6009,IC,*,T,암,*,*,*,*
암요,196,14,4380,IC,*,F,암요,*,*,*,*
앗,196,15,4914,IC,*,T,앗,*,*,*,*
앗다,196,14,4380,IC,*,F,앗다,*,*,*,*
앗따,196,14,4380,IC,*,F,앗따,*,*,*,*
앗싸,196,14,4380,IC,*,F,앗싸,*,*,*,*
앗싸리,196,14,4380,IC,*,F,앗싸리,*,*,*,*
앙,196,15,5750,IC,*,T,앙,*,*,*,*
앙앙앙,196,15,4380,IC,*,T,앙앙앙,*,*,*,*
애,196,14,6332,IC,*,F,애,*,*,*,*
애개,196,14,4362,IC,*,F,애개,*,*,*,*
애걔,196,14,4380,IC,*,F,애걔,*,*,*,*
애걔걔,196,14,4380,IC,*,F,애걔걔,*,*,*,*
애고,196,14,4806,IC,*,F,애고,*,*,*,*
애고고,196,14,4380,IC,*,F,애고고,*,*,*,*
애고머니,196,14,4380,IC,*,F,애고머니,*,*,*,*
애고애고,196,14,4380,IC,*,F,애고애고,*,*,*,*
애구애구,196,14,4380,IC,*,F,애구애구,*,*,*,*
애그,196,14,4382,IC,*,F,애그,*,*,*,*
애라,196,14,4397,IC,*,F,애라,*,*,*,*
애이,196,14,4380,IC,*,F,애이,*,*,*,*
애재라,196,14,4380,IC,*,F,애재라,*,*,*,*
애쿠,196,14,4380,IC,*,F,애쿠,*,*,*,*
애해,196,14,4383,IC,*,F,애해,*,*,*,*
애햄,196,15,4380,IC,*,T,애햄,*,*,*,*
앵,196,15,4645,IC,*,T,앵,*,*,*,*
야,196,14,4341,IC,*,F,야,*,*,*,*
야아,196,14,4089,IC,*,F,야아,*,*,*,*
야아아,196,14,4380,IC,*,F,야아아,*,*,*,*
야아아옹,196,15,4380,IC,*,T,야아아옹,*,*,*,*
야아앙,196,15,4380,IC,*,T,야아앙,*,*,*,*
야앙,196,15,4380,IC,*,T,야앙,*,*,*,*
야야,196,14,5612,IC,*,F,야야,*,*,*,*
야야야,196,14,4025,IC,*,F,야야야,*,*,*,*
야야야야야,196,14,4380,IC,*,F,야야야야야,*,*,*,*
야오,196,14,4303,IC,*,F,야오,*,*,*,*
야이,196,14,4952,IC,*,F,야이,*,*,*,*
야잇,196,15,4380,IC,*,T,야잇,*,*,*,*
야호,196,14,4280,IC,*,F,야호,*,*,*,*
얀마,196,14,4384,IC,*,F,얀마,*,*,*,*
얍,196,15,4475,IC,*,T,얍,*,*,*,*
얏,196,15,4449,IC,*,T,얏,*,*,*,*
얏호,196,14,4380,IC,*,F,얏호,*,*,*,*
얘,196,14,4511,IC,*,F,얘,*,*,*,*
얘야,196,14,4555,IC,*,F,얘야,*,*,*,*
얘얘얘,196,14,4380,IC,*,F,얘얘얘,*,*,*,*
어,196,14,2617,IC,*,F,어,*,*,*,*
어거,196,14,5736,IC,*,F,어거,*,*,*,*
어고,196,14,4744,IC,*,F,어고,*,*,*,*
어구,196,14,4450,IC,*,F,어구,*,*,*,*
어구구구구,196,14,4380,IC,*,F,어구구구구,*,*,*,*
어구어구,196,14,4380,IC,*,F,어구어구,*,*,*,*
어기야,196,14,4380,IC,*,F,어기야,*,*,*,*
어기야디야,196,14,4380,IC,*,F,어기야디야,*,*,*,*
어기어차,196,14,4380,IC,*,F,어기어차,*,*,*,*
어기여차,196,14,4380,IC,*,F,어기여차,*,*,*,*
어기영차,196,14,4380,IC,*,F,어기영차,*,*,*,*
어둥둥,196,15,4380,IC,*,T,어둥둥,*,*,*,*
어디,196,14,3454,IC,*,F,어디,*,*,*,*
어디아니,196,14,4380,IC,*,F,어디아니,*,*,*,*
어디여,196,14,4380,IC,*,F,어디여,*,*,*,*
어따,196,14,4390,IC,*,F,어따,*,*,*,*
어때,196,14,4690,IC,*,F,어때,*,*,*,*
어떤,196,15,6014,IC,*,T,어떤,*,*,*,*
어라,196,14,3934,IC,*,F,어라,*,*,*,*
어랍쇼,196,14,4380,IC,*,F,어랍쇼,*,*,*,*
어럽쇼,196,14,4380,IC,*,F,어럽쇼,*,*,*,*
어마,196,14,4851,IC,*,F,어마,*,*,*,*
어마나,196,14,4380,IC,*,F,어마나,*,*,*,*
어매,196,14,4402,IC,*,F,어매,*,*,*,*
어머,196,14,3441,IC,*,F,어머,*,*,*,*
어머나,196,14,4127,IC,*,F,어머나,*,*,*,*
어머머,196,14,4380,IC,*,F,어머머,*,*,*,*
어머머머,196,14,4380,IC,*,F,어머머머,*,*,*,*
어머어머,196,14,5614,IC,*,F,어머어머,*,*,*,*
어부바,196,14,4380,IC,*,F,어부바,*,*,*,*
어비,196,14,4896,IC,*,F,어비,*,*,*,*
어뿔싸,196,14,4380,IC,*,F,어뿔싸,*,*,*,*
어사와,196,14,4380,IC,*,F,어사와,*,*,*,*
어쉬,196,14,4380,IC,*,F,어쉬,*,*,*,*
어쑤,196,14,4380,IC,*,F,어쑤,*,*,*,*
어쑤우,196,14,4380,IC,*,F,어쑤우,*,*,*,*
어아아,196,14,4714,IC,*,F,어아아,*,*,*,*
어야,196,14,4262,IC,*,F,어야,*,*,*,*
어야께나,196,14,4380,IC,*,F,어야께나,*,*,*,*
어야디야,196,14,4380,IC,*,F,어야디야,*,*,*,*
어어,196,14,3463,IC,*,F,어어,*,*,*,*
어어디,196,14,4380,IC,*,F,어어디,*,*,*,*
어어어,196,14,4394,IC,*,F,어어어,*,*,*,*
어어어어,196,14,3967,IC,*,F,어어어어,*,*,*,*
어어어어어,196,14,4550,IC,*,F,어어어어어,*,*,*,*
어어어어응,196,15,4380,IC,*,T,어어어어응,*,*,*,*
어어어엉,196,15,4380,IC,*,T,어어어엉,*,*,*,*
어어엉,196,15,4380,IC,*,T,어어엉,*,*,*,*
어어오,196,14,4380,IC,*,F,어어오,*,*,*,*
어어이,196,14,4543,IC,*,F,어어이,*,*,*,*
어엉,196,15,3876,IC,*,T,어엉,*,*,*,*
어에에,196,14,4391,IC,*,F,어에에,*,*,*,*
어여차,196,14,4380,IC,*,F,어여차,*,*,*,*
어영차,196,14,4380,IC,*,F,어영차,*,*,*,*
어옹,196,15,4094,IC,*,T,어옹,*,*,*,*
어와,196,14,4592,IC,*,F,어와,*,*,*,*
어와호,196,14,4380,IC,*,F,어와호,*,*,*,*
어우,196,14,2768,IC,*,F,어우,*,*,*,*
어우야,196,14,4936,IC,*,F,어우야,*,*,*,*
어웅,196,15,4202,IC,*,T,어웅,*,*,*,*
어유,196,14,3711,IC,*,F,어유,*,*,*,*
어으,196,14,4383,IC,*,F,어으,*,*,*,*
어음,196,15,4514,IC,*,T,어음,*,*,*,*
어이,196,14,5411,IC,*,F,어이,*,*,*,*
어이고,196,14,4411,IC,*,F,어이고,*,*,*,*
어이구,196,14,3990,IC,*,F,어이구,*,*,*,*
어이구나,196,14,4380,IC,*,F,어이구나,*,*,*,*
어이구머니,196,14,4380,IC,*,F,어이구머니,*,*,*,*
어이구머니나,196,14,4380,IC,*,F,어이구머니나,*,*,*,*
어이구야,196,14,4380,IC,*,F,어이구야,*,*,*,*
어이그,196,14,4380,IC,*,F,어이그,*,*,*,*
어이샤,196,14,4380,IC,*,F,어이샤,*,*,*,*
어이세,196,14,4382,IC,*,F,어이세,*,*,*,*
어이썅,196,15,4380,IC,*,T,어이썅,*,*,*,*
어이쒸,196,14,4380,IC,*,F,어이쒸,*,*,*,*
어이씨,196,14,4380,IC,*,F,어이씨,*,*,*,*
어이야,196,14,4380,IC,*,F,어이야,*,*,*,*
어이어이,196,14,4380,IC,*,F,어이어이,*,*,*,*
어이쿠,196,14,4380,IC,*,F,어이쿠,*,*,*,*
어이쿠나,196,14,4380,IC,*,F,어이쿠나,*,*,*,*
어잇,196,15,4380,IC,*,T,어잇,*,*,*,*
어절씨구,196,14,4380,IC,*,F,어절씨구,*,*,*,*
어째서야,196,14,4380,IC,*,F,어째서야,*,*,*,*
어쩌면,196,15,5069,IC,*,T,어쩌면,*,*,*,*
어쩜,196,15,4187,IC,*,T,어쩜,*,*,*,*
어쭈,196,14,4380,IC,*,F,어쭈,*,*,*,*
어쭈구리,196,14,4380,IC,*,F,어쭈구리,*,*,*,*
어쿠,196,14,4380,IC,*,F,어쿠,*,*,*,*
어쿠우,196,14,4380,IC,*,F,어쿠우,*,*,*,*
어허,196,14,3627,IC,*,F,어허,*,*,*,*
어허둥둥,196,15,4380,IC,*,T,어허둥둥,*,*,*,*
어허디야,196,14,4380,IC,*,F,어허디야,*,*,*,*
어허야디야,196,14,4380,IC,*,F,어허야디야,*,*,*,*
어허어,196,14,4380,IC,*,F,어허어,*,*,*,*
어허어허,196,14,4380,IC,*,F,어허어허,*,*,*,*
어허우어어,196,14,4380,IC,*,F,어허우어어,*,*,*,*
어허허,196,14,4380,IC,*,F,어허허,*,*,*,*
어헉,196,15,4380,IC,*,T,어헉,*,*,*,*
어험,196,15,4380,IC,*,T,어험,*,*,*,*
어홍,196,15,4380,IC,*,T,어홍,*,*,*,*
어화,196,14,4453,IC,*,F,어화,*,*,*,*
어화둥둥,196,15,4380,IC,*,T,어화둥둥,*,*,*,*
어후,196,14,4252,IC,*,F,어후,*,*,*,*
어휴,196,14,3987,IC,*,F,어휴,*,*,*,*
어흐,196,14,4380,IC,*,F,어흐,*,*,*,*
어흐어흐,196,14,4380,IC,*,F,어흐어흐,*,*,*,*
어흐흐흐,196,14,4380,IC,*,F,어흐흐흐,*,*,*,*
어흠,196,15,3567,IC,*,T,어흠,*,*,*,*
어흥,196,15,4389,IC,*,T,어흥,*,*,*,*
억,196,15,6277,IC,*,T,억,*,*,*,*
얼,196,15,6443,IC,*,T,얼,*,*,*,*
얼라,196,14,4380,IC,*,F,얼라,*,*,*,*
얼래,196,14,4380,IC,*,F,얼래,*,*,*,*
얼래래,196,14,4380,IC,*,F,얼래래,*,*,*,*
얼럴럴,196,15,4380,IC,*,T,얼럴럴,*,*,*,*
얼레,196,14,4380,IC,*,F,얼레,*,*,*,*
얼시고나,196,14,4380,IC,*,F,얼시고나,*,*,*,*
얼싸,196,14,4380,IC,*,F,얼싸,*,*,*,*
얼쑤,196,14,4380,IC,*,F,얼쑤,*,*,*,*
얼씨고나,196,14,4380,IC,*,F,얼씨고나,*,*,*,*
얼씨구,196,14,4380,IC,*,F,얼씨구,*,*,*,*
얼씨구나,196,14,4380,IC,*,F,얼씨구나,*,*,*,*
얼씨구나절씨구나,196,14,4380,IC,*,F,얼씨구나절씨구나,*,*,*,*
얼씨구절씨구,196,14,4380,IC,*,F,얼씨구절씨구,*,*,*,*
엄,196,15,6063,IC,*,T,엄,*,*,*,*
엄엄,196,15,4380,IC,*,T,엄엄,*,*,*,*
엇,196,15,5165,IC,*,T,엇,*,*,*,*
엇쉬,196,14,4380,IC,*,F,엇쉬,*,*,*,*
엉,196,15,4653,IC,*,T,엉,*,*,*,*
엉엉엉,196,15,4413,IC,*,T,엉엉엉,*,*,*,*
에,196,14,3808,IC,*,F,에,*,*,*,*
에고,196,14,3453,IC,*,F,에고,*,*,*,*
에고에고,196,14,4380,IC,*,F,에고에고,*,*,*,*
에구,196,14,4357,IC,*,F,에구,*,*,*,*
에구구,196,14,4380,IC,*,F,에구구,*,*,*,*
에구머니,196,14,4380,IC,*,F,에구머니,*,*,*,*
에구머니나,196,14,4380,IC,*,F,에구머니나,*,*,*,*
에구머니야,196,14,4380,IC,*,F,에구머니야,*,*,*,*
에그,196,14,5844,IC,*,F,에그,*,*,*,*
에그그,196,14,4408,IC,*,F,에그그,*,*,*,*
에그머니,196,14,4405,IC,*,F,에그머니,*,*,*,*
에그머니나,196,14,4353,IC,*,F,에그머니나,*,*,*,*
에기,196,14,4444,IC,*,F,에기,*,*,*,*
에기나,196,14,4380,IC,*,F,에기나,*,*,*,*
에기야,196,14,4380,IC,*,F,에기야,*,*,*,*
에꼬,196,14,4380,IC,*,F,에꼬,*,*,*,*
에꾸,196,14,4380,IC,*,F,에꾸,*,*,*,*
에끼,196,14,4380,IC,*,F,에끼,*,*,*,*
에따,196,14,4438,IC,*,F,에따,*,*,*,*
에또,196,14,5536,IC,*,F,에또,*,*,*,*
에라,196,14,4198,IC,*,F,에라,*,*,*,*
에라이,196,14,4380,IC,*,F,에라이,*,*,*,*
에렐렐네,196,14,4380,IC,*,F,에렐렐네,*,*,*,*
에렐렐넬,196,15,4380,IC,*,T,에렐렐넬,*,*,*,*
에루화,196,14,4380,IC,*,F,에루화,*,*,*,*
에미럴,196,15,4380,IC,*,T,에미럴,*,*,*,*
에비,196,14,5026,IC,*,F,에비,*,*,*,*
에비다,196,14,4380,IC,*,F,에비다,*,*,*,*
에야디야,196,14,4380,IC,*,F,에야디야,*,*,*,*
에어야,196,14,4380,IC,*,F,에어야,*,*,*,*
에에,196,14,4607,IC,*,F,에에,*,*,*,*
에에그,196,14,4382,IC,*,F,에에그,*,*,*,*
에에에,196,14,4005,IC,*,F,에에에,*,*,*,*
에에에에에에,196,14,4380,IC,*,F,에에에에에에,*,*,*,*
에엑,196,15,4380,IC,*,T,에엑,*,*,*,*
에엣,196,15,4380,IC,*,T,에엣,*,*,*,*
에엥,196,15,4380,IC,*,T,에엥,*,*,*,*
에우,196,14,4565,IC,*,F,에우,*,*,*,*
에유,196,14,4393,IC,*,F,에유,*,*,*,*
에이,196,14,4326,IC,*,F,에이,*,*,*,*
에이고,196,14,4491,IC,*,F,에이고,*,*,*,*
에이구,196,14,4380,IC,*,F,에이구,*,*,*,*
에이구머니,196,14,4380,IC,*,F,에이구머니,*,*,*,*
에이그,196,14,4730,IC,*,F,에이그,*,*,*,*
에이끼,196,14,4380,IC,*,F,에이끼,*,*,*,*
에이시,196,14,4600,IC,*,F,에이시,*,*,*,*
에이쒸,196,14,4380,IC,*,F,에이쒸,*,*,*,*
에이씨,196,14,5110,IC,*,F,에이씨,*,*,*,*
에이여라,196,14,4380,IC,*,F,에이여라,*,*,*,*
에이이,196,14,5286,IC,*,F,에이이,*,*,*,*
에이치,196,14,4380,IC,*,F,에이치,*,*,*,*
에이히,196,14,4380,IC,*,F,에이히,*,*,*,*
에익,196,15,4397,IC,*,T,에익,*,*,*,*
에잇,196,15,4380,IC,*,T,에잇,*,*,*,*
에잉,196,15,4380,IC,*,T,에잉,*,*,*,*
에참,196,15,4395,IC,*,T,에참,*,*,*,*
에쿠,196,14,4383,IC,*,F,에쿠,*,*,*,*
에쿠나,196,14,4380,IC,*,F,에쿠나,*,*,*,*
에쿠쿠,196,14,4380,IC,*,F,에쿠쿠,*,*,*,*
에크,196,14,4456,IC,*,F,에크,*,*,*,*
에크나,196,14,4380,IC,*,F,에크나,*,*,*,*
에키,196,14,4380,IC,*,F,에키,*,*,*,*
에헤,196,14,4380,IC,*,F,에헤,*,*,*,*
에헤야,196,14,4380,IC,*,F,에헤야,*,*,*,*
에헤에,196,14,4380,IC,*,F,에헤에,*,*,*,*
에헤에야,196,14,4380,IC,*,F,에헤에야,*,*,*,*
에헤잉,196,15,4380,IC,*,T,에헤잉,*,*,*,*
에헬렐넬,196,15,4380,IC,*,T,에헬렐넬,*,*,*,*
에헴,196,15,4253,IC,*,T,에헴,*,*,*,*
에휴,196,14,4306,IC,*,F,에휴,*,*,*,*
에휴우,196,14,4380,IC,*,F,에휴우,*,*,*,*
에흐,196,14,4380,IC,*,F,에흐,*,*,*,*
엑,196,15,4407,IC,*,T,엑,*,*,*,*
엘넬넬,196,15,4380,IC,*,T,엘넬넬,*,*,*,*
엣,196,15,4753,IC,*,T,엣,*,*,*,*
엥,196,15,4381,IC,*,T,엥,*,*,*,*
엥이,196,14,4380,IC,*,F,엥이,*,*,*,*
여,196,14,8046,IC,*,F,여,*,*,*,*
여보,196,14,4625,IC,*,F,여보,*,*,*,*
여보게,196,14,4128,IC,*,F,여보게,*,*,*,*
여보게나,196,14,4380,IC,*,F,여보게나,*,*,*,*
여보게에,196,14,4380,IC,*,F,여보게에,*,*,*,*
여보세여,196,14,4347,IC,*,F,여보세여,*,*,*,*
여보세요,196,14,3383,IC,*,F,여보세요,*,*,*,*
여보셔요,196,14,4380,IC,*,F,여보셔요,*,*,*,*
여보셔유,196,14,4380,IC,*,F,여보셔유,*,*,*,*
여보소,196,14,4380,IC,*,F,여보소,*,*,*,*
여보쇼,196,14,4380,IC,*,F,여보쇼,*,*,*,*
여보슈,196,14,4380,IC,*,F,여보슈,*,*,*,*
여보시게,196,14,4380,IC,*,F,여보시게,*,*,*,*
여보시오,196,14,4380,IC,*,F,여보시오,*,*,*,*
여보시요,196,14,4380,IC,*,F,여보시요,*,*,*,*
여보십시오,196,14,4380,IC,*,F,여보십시오,*,*,*,*
여보오,196,14,4380,IC,*,F,여보오,*,*,*,*
여보이소,196,14,4380,IC,*,F,여보이소,*,*,*,*
여봐,196,14,4381,IC,*,F,여봐,*,*,*,*
여봐라,196,14,4211,IC,*,F,여봐라,*,*,*,*
여봐요,196,14,4380,IC,*,F,여봐요,*,*,*,*
여부세요,196,14,4380,IC,*,F,여부세요,*,*,*,*
여부쇼,196,14,4380,IC,*,F,여부쇼,*,*,*,*
여부슈,196,14,4380,IC,*,F,여부슈,*,*,*,*
여어,196,14,4389,IC,*,F,여어,*,*,*,*
여차,196,14,4483,IC,*,F,여차,*,*,*,*
열중셧,196,15,4380,IC,*,T,열중셧,*,*,*,*
열중차렷,196,15,4380,IC,*,T,열중차렷,*,*,*,*
열차,196,14,4120,IC,*,F,열차,*,*,*,*
염병할,196,15,4401,IC,*,T,염병할,*,*,*,*
엽세요,196,14,4380,IC,*,F,엽세요,*,*,*,*
엿단쇠,196,14,4380,IC,*,F,엿단쇠,*,*,*,*
영차,196,14,4380,IC,*,F,영차,*,*,*,*
영차영차,196,14,4380,IC,*,F,영차영차,*,*,*,*
영치기,196,14,4380,IC,*,F,영치기,*,*,*,*
영치기 영차,196,13,4380,IC,*,*,영치기 영차,*,*,*,*
예,196,14,3260,IC,*,F,예,*,*,*,*
예끼,196,14,4380,IC,*,F,예끼,*,*,*,*
예라,196,14,4684,IC,*,F,예라,*,*,*,*
예미랄,196,15,4380,IC,*,T,예미랄,*,*,*,*
예스,196,14,4958,IC,*,F,예스,*,*,*,*
예에,196,14,3496,IC,*,F,예에,*,*,*,*
예에끼,196,14,4380,IC,*,F,예에끼,*,*,*,*
예에에,196,14,3998,IC,*,F,예에에,*,*,*,*
예예,196,14,5008,IC,*,F,예예,*,*,*,*
예예예,196,14,4630,IC,*,F,예예예,*,*,*,*
예이,196,14,4686,IC,*,F,예이,*,*,*,*
옌장,196,15,4380,IC,*,T,옌장,*,*,*,*
옘병할,196,15,4380,IC,*,T,옘병할,*,*,*,*
옛,196,15,5756,IC,*,T,옛,*,*,*,*
옛다,196,14,4380,IC,*,F,옛다,*,*,*,*
옛소,196,14,4380,IC,*,F,옛소,*,*,*,*
옜네,196,14,4380,IC,*,F,옜네,*,*,*,*
옜다,196,14,4380,IC,*,F,옜다,*,*,*,*
옜소,196,14,4380,IC,*,F,옜소,*,*,*,*
옜습니다,196,14,4380,IC,*,F,옜습니다,*,*,*,*
오,196,14,4975,IC,*,F,오,*,*,*,*
오냐,196,14,3975,IC,*,F,오냐,*,*,*,*
오냐오냐,196,14,4380,IC,*,F,오냐오냐,*,*,*,*
오디,196,14,4650,IC,*,F,오디,*,*,*,*
오디어,196,14,4380,IC,*,F,오디어,*,*,*,*
오라,196,14,5418,IC,*,F,오라,*,*,*,*
오라이,196,14,4380,IC,*,F,오라이,*,*,*,*
오라잇,196,15,4380,IC,*,T,오라잇,*,*,*,*
오라질,196,15,4380,IC,*,T,오라질,*,*,*,*
오래오래,196,14,3899,IC,*,F,오래오래,*,*,*,*
오마,196,14,4381,IC,*,F,오마,*,*,*,*
오마이갓,196,15,4380,IC,*,T,오마이갓,*,*,*,*
오매,196,14,4380,IC,*,F,오매,*,*,*,*
오매오매,196,14,4380,IC,*,F,오매오매,*,*,*,*
오메,196,14,4387,IC,*,F,오메,*,*,*,*
오메야,196,14,4380,IC,*,F,오메야,*,*,*,*
오바,196,14,4468,IC,*,F,오바,*,*,*,*
오야오야,196,14,4380,IC,*,F,오야오야,*,*,*,*
오예,196,14,5169,IC,*,F,오예,*,*,*,*
오오,196,14,4307,IC,*,F,오오,*,*,*,*
오오냐,196,14,4380,IC,*,F,오오냐,*,*,*,*
오오라,196,14,4380,IC,*,F,오오라,*,*,*,*
오오바,196,14,4380,IC,*,F,오오바,*,*,*,*
오오오옹,196,15,4324,IC,*,T,오오오옹,*,*,*,*
오오옴,196,15,4380,IC,*,T,오오옴,*,*,*,*
오옳아,196,14,4380,IC,*,F,오옳아,*,*,*,*
오와,196,14,4756,IC,*,F,오와,*,*,*,*
오우,196,14,4301,IC,*,F,오우,*,*,*,*
오이,196,14,4131,IC,*,F,오이,*,*,*,*
오케,196,14,4628,IC,*,F,오케,*,*,*,*
오케이,196,14,3498,IC,*,F,오케이,*,*,*,*
오호,196,14,4267,IC,*,F,오호,*,*,*,*
오호라,196,14,4380,IC,*,F,오호라,*,*,*,*
오호어,196,14,4380,IC,*,F,오호어,*,*,*,*
오호오,196,14,4380,IC,*,F,오호오,*,*,*,*
온,196,15,6794,IC,*,T,온,*,*,*,*
올레,196,14,4380,IC,*,F,올레,*,*,*,*
올커니,196,14,4380,IC,*,F,올커니,*,*,*,*
올호라,196,14,4380,IC,*,F,올호라,*,*,*,*
옳다,196,14,3403,IC,*,F,옳다,*,*,*,*
옳다구나,196,14,4697,IC,*,F,옳다구나,*,*,*,*
옳소,196,14,5323,IC,*,F,옳소,*,*,*,*
옳아,196,14,4380,IC,*,F,옳아,*,*,*,*
옳지,196,14,3895,IC,*,F,옳지,*,*,*,*
옳치,196,14,4380,IC,*,F,옳치,*,*,*,*
옴마,196,14,4380,IC,*,F,옴마,*,*,*,*
옴매,196,14,4380,IC,*,F,옴매,*,*,*,*
옴브레,196,14,4380,IC,*,F,옴브레,*,*,*,*
옵소,196,14,4380,IC,*,F,옵소,*,*,*,*
옹야,196,14,4380,IC,*,F,옹야,*,*,*,*
옹헤야,196,14,4380,IC,*,F,옹헤야,*,*,*,*
와,196,14,4927,IC,*,F,와,*,*,*,*
와따,196,14,4381,IC,*,F,와따,*,*,*,*
와따매,196,14,4380,IC,*,F,와따매,*,*,*,*
와아,196,14,4197,IC,*,F,와아,*,*,*,*
와아아,196,14,4380,IC,*,F,와아아,*,*,*,*
와예,196,14,4380,IC,*,F,와예,*,*,*,*
와우,196,14,4259,IC,*,F,와우,*,*,*,*
와이고,196,14,4380,IC,*,F,와이고,*,*,*,*
와하,196,14,4380,IC,*,F,와하,*,*,*,*
와하하하,196,14,4380,IC,*,F,와하하하,*,*,*,*
왓하하,196,14,4380,IC,*,F,왓하하,*,*,*,*
왓하하하,196,14,4380,IC,*,F,왓하하하,*,*,*,*
왕,196,15,5377,IC,*,T,왕,*,*,*,*
왜,196,14,4372,IC,*,F,왜,*,*,*,*
왜에,196,14,4380,IC,*,F,왜에,*,*,*,*
왝,196,15,4380,IC,*,T,왝,*,*,*,*
외이고,196,14,4405,IC,*,F,외이고,*,*,*,*
요,196,14,8384,IC,*,F,요,*,*,*,*
요런,196,15,4684,IC,*,T,요런,*,*,*,*
욧시,196,14,4380,IC,*,F,욧시,*,*,*,*
용용,196,15,4380,IC,*,T,용용,*,*,*,*
우,196,14,6898,IC,*,F,우,*,*,*,*
우겨,196,14,4380,IC,*,F,우겨,*,*,*,*
우라질,196,15,4380,IC,*,T,우라질,*,*,*,*
우아,196,14,4316,IC,*,F,우아,*,*,*,*
우아아아,196,14,4380,IC,*,F,우아아아,*,*,*,*
우야꼬,196,14,4380,IC,*,F,우야꼬,*,*,*,*
우야노,196,14,4380,IC,*,F,우야노,*,*,*,*
우야훨훨,196,15,4380,IC,*,T,우야훨훨,*,*,*,*
우어,196,14,4384,IC,*,F,우어,*,*,*,*
우여,196,14,4474,IC,*,F,우여,*,*,*,*
우예,196,14,4409,IC,*,F,우예,*,*,*,*
우와,196,14,3591,IC,*,F,우와,*,*,*,*
우와앙,196,15,4380,IC,*,T,우와앙,*,*,*,*
우우,196,14,3930,IC,*,F,우우,*,*,*,*
우우아아아아아아,196,14,4380,IC,*,F,우우아아아아아아,*,*,*,*
우우아아아아아아아아아,196,14,4380,IC,*,F,우우아아아아아아아아아,*,*,*,*
우우우우,196,14,4380,IC,*,F,우우우우,*,*,*,*
우우우우아아아아,196,14,4380,IC,*,F,우우우우아아아아,*,*,*,*
우우우우아아아아아아아,196,14,4380,IC,*,F,우우우우아아아아아아아,*,*,*,*
우우우우우아아아아아,196,14,4380,IC,*,F,우우우우우아아아아아,*,*,*,*
우욱,196,15,4380,IC,*,T,우욱,*,*,*,*
우웨엑,196,15,4380,IC,*,T,우웨엑,*,*,*,*
우윽,196,15,4380,IC,*,T,우윽,*,*,*,*
우이,196,14,4594,IC,*,F,우이,*,*,*,*
우이씨,196,14,4380,IC,*,F,우이씨,*,*,*,*
우째,196,14,4404,IC,*,F,우째,*,*,*,*
우하,196,14,4421,IC,*,F,우하,*,*,*,*
우하하하,196,14,4380,IC,*,F,우하하하,*,*,*,*
우해해해,196,14,4380,IC,*,F,우해해해,*,*,*,*
우헤우헤우헤헤,196,14,4380,IC,*,F,우헤우헤우헤헤,*,*,*,*
우헤헤헤,196,14,4380,IC,*,F,우헤헤헤,*,*,*,*
우화,196,14,4393,IC,*,F,우화,*,*,*,*
우후,196,14,4380,IC,*,F,우후,*,*,*,*
우후후,196,14,4380,IC,*,F,우후후,*,*,*,*
우후후후,196,14,4380,IC,*,F,우후후후,*,*,*,*
우히히히,196,14,4380,IC,*,F,우히히히,*,*,*,*
욱,196,15,5828,IC,*,T,욱,*,*,*,*
욱욱,196,15,4144,IC,*,T,욱욱,*,*,*,*
움,196,15,6119,IC,*,T,움,*,*,*,*
움쓰,196,14,4380,IC,*,F,움쓰,*,*,*,*
움하하하,196,14,4380,IC,*,F,움하하하,*,*,*,*
웁웁,196,15,4380,IC,*,T,웁웁,*,*,*,*
웅,196,15,5521,IC,*,T,웅,*,*,*,*
워,196,14,5638,IC,*,F,워,*,*,*,*
워디,196,14,4380,IC,*,F,워디,*,*,*,*
워디워디워디,196,14,4380,IC,*,F,워디워디워디,*,*,*,*
워라,196,14,4381,IC,*,F,워라,*,*,*,*
워리,196,14,4380,IC,*,F,워리,*,*,*,*
워매,196,14,4380,IC,*,F,워매,*,*,*,*
워메,196,14,4380,IC,*,F,워메,*,*,*,*
워어리,196,14,4380,IC,*,F,워어리,*,*,*,*
워어이,196,14,4380,IC,*,F,워어이,*,*,*,*
워워,196,14,4380,IC,*,F,워워,*,*,*,*
워워워,196,14,4380,IC,*,F,워워워,*,*,*,*
원,196,15,6761,IC,*,T,원,*,*,*,*
웬,196,15,5902,IC,*,T,웬,*,*,*,*
웬걸,196,15,5213,IC,*,T,웬걸,*,*,*,*
웬걸요,196,14,4380,IC,*,F,웬걸요,*,*,*,*
위,196,14,6177,IC,*,F,위,*,*,*,*
위여차,196,14,4380,IC,*,F,위여차,*,*,*,*
위이,196,14,4720,IC,*,F,위이,*,*,*,*
유,196,14,7809,IC,*,F,유,*,*,*,*
육시랄,196,15,4380,IC,*,T,육시랄,*,*,*,*
육시랄놈들,196,15,4380,IC,*,T,육시랄놈들,*,*,*,*
으,196,14,4848,IC,*,F,으,*,*,*,*
으라차차차,196,14,4380,IC,*,F,으라차차차,*,*,*,*
으르릉,196,15,4380,IC,*,T,으르릉,*,*,*,*
으매,196,14,4380,IC,*,F,으매,*,*,*,*
으미,196,14,4368,IC,*,F,으미,*,*,*,*
으싸,196,14,4600,IC,*,F,으싸,*,*,*,*
으쌰,196,14,4380,IC,*,F,으쌰,*,*,*,*
으씨,196,14,4380,IC,*,F,으씨,*,*,*,*
으아,196,14,4165,IC,*,F,으아,*,*,*,*
으아아,196,14,4380,IC,*,F,으아아,*,*,*,*
으아아아,196,14,4380,IC,*,F,으아아아,*,*,*,*
으아아아아,196,14,4380,IC,*,F,으아아아아,*,*,*,*
으아아아악,196,15,4380,IC,*,T,으아아아악,*,*,*,*
으아아악,196,15,4380,IC,*,T,으아아악,*,*,*,*
으아악,196,15,4380,IC,*,T,으아악,*,*,*,*
으악,196,15,5058,IC,*,T,으악,*,*,*,*
으앗,196,15,4380,IC,*,T,으앗,*,*,*,*
으앙,196,15,4380,IC,*,T,으앙,*,*,*,*
으앙앙,196,15,4380,IC,*,T,으앙앙,*,*,*,*
으앙앙앙,196,15,4380,IC,*,T,으앙앙앙,*,*,*,*
으어,196,14,5198,IC,*,F,으어,*,*,*,*
으엉,196,15,4380,IC,*,T,으엉,*,*,*,*
으에잇,196,15,4380,IC,*,T,으에잇,*,*,*,*
으와,196,14,4316,IC,*,F,으와,*,*,*,*
으웩,196,15,4380,IC,*,T,으웩,*,*,*,*
으유,196,14,4380,IC,*,F,으유,*,*,*,*
으으,196,14,5547,IC,*,F,으으,*,*,*,*
으으아아,196,14,4380,IC,*,F,으으아아,*,*,*,*
으으으,196,14,4380,IC,*,F,으으으,*,*,*,*
으으으아악,196,15,4380,IC,*,T,으으으아악,*,*,*,*
으으으으,196,14,4380,IC,*,F,으으으으,*,*,*,*
으으으으아아아아아아,196,14,4380,IC,*,F,으으으으아아아아아아,*,*,*,*
으으으으아아아아아아아,196,14,4380,IC,*,F,으으으으아아아아아아아,*,*,*,*
으으으으으,196,14,4380,IC,*,F,으으으으으,*,*,*,*
으으으으으아아아아아아,196,14,4380,IC,*,F,으으으으으아아아아아아,*,*,*,*
으으으으으으으,196,14,4380,IC,*,F,으으으으으으으,*,*,*,*
으으윽,196,15,4380,IC,*,T,으으윽,*,*,*,*
으으음,196,15,4082,IC,*,T,으으음,*,*,*,*
으으응,196,15,4380,IC,*,T,으으응,*,*,*,*
으으헉,196,15,4380,IC,*,T,으으헉,*,*,*,*
으으흐흐흐,196,14,4380,IC,*,F,으으흐흐흐,*,*,*,*
으윽,196,15,4380,IC,*,T,으윽,*,*,*,*
으음,196,15,3312,IC,*,T,으음,*,*,*,*
으음으음으,196,14,4380,IC,*,F,으음으음으,*,*,*,*
으읏,196,15,4380,IC,*,T,으읏,*,*,*,*
으응,196,15,3943,IC,*,T,으응,*,*,*,*
으응응,196,15,4380,IC,*,T,으응응,*,*,*,*
으이,196,14,4610,IC,*,F,으이,*,*,*,*
으이고,196,14,4380,IC,*,F,으이고,*,*,*,*
으이구,196,14,4380,IC,*,F,으이구,*,*,*,*
으이그,196,14,4115,IC,*,F,으이그,*,*,*,*
으이씨,196,14,4380,IC,*,F,으이씨,*,*,*,*
으이휴,196,14,4380,IC,*,F,으이휴,*,*,*,*
으잉,196,15,4370,IC,*,T,으잉,*,*,*,*
으째,196,14,4380,IC,*,F,으째,*,*,*,*
으카카카,196,14,4380,IC,*,F,으카카카,*,*,*,*
으크크,196,14,4380,IC,*,F,으크크,*,*,*,*
으하하,196,14,4380,IC,*,F,으하하,*,*,*,*
으하하하,196,14,4380,IC,*,F,으하하하,*,*,*,*
으핫핫핫,196,15,4380,IC,*,T,으핫핫핫,*,*,*,*
으허허,196,14,4380,IC,*,F,으허허,*,*,*,*
으헉,196,15,4380,IC,*,T,으헉,*,*,*,*
으헤헤,196,14,4380,IC,*,F,으헤헤,*,*,*,*
으휴,196,14,4380,IC,*,F,으휴,*,*,*,*
으흐,196,14,4347,IC,*,F,으흐,*,*,*,*
으흐으,196,14,4380,IC,*,F,으흐으,*,*,*,*
으흐음,196,15,4380,IC,*,T,으흐음,*,*,*,*
으흐흐,196,14,4380,IC,*,F,으흐흐,*,*,*,*
으흐흐흐,196,14,4380,IC,*,F,으흐흐흐,*,*,*,*
으흐흐흑,196,15,4380,IC,*,T,으흐흐흑,*,*,*,*
으흐흐흠,196,15,4380,IC,*,T,으흐흐흠,*,*,*,*
으흐흑,196,15,4380,IC,*,T,으흐흑,*,*,*,*
으흐흑으,196,14,4380,IC,*,F,으흐흑으,*,*,*,*
으흑,196,15,4380,IC,*,T,으흑,*,*,*,*
으흑으으,196,14,4380,IC,*,F,으흑으으,*,*,*,*
으흠,196,15,4356,IC,*,T,으흠,*,*,*,*
으흠으흠,196,15,4380,IC,*,T,으흠으흠,*,*,*,*
으흥,196,15,4380,IC,*,T,으흥,*,*,*,*
으히히히히,196,14,4380,IC,*,F,으히히히히,*,*,*,*
윽,196,15,4718,IC,*,T,윽,*,*,*,*
윽윽,196,15,4380,IC,*,T,윽윽,*,*,*,*
은냐,196,14,4380,IC,*,F,은냐,*,*,*,*
을래,196,14,4382,IC,*,F,을래,*,*,*,*
을레,196,14,4380,IC,*,F,을레,*,*,*,*
음,196,15,3245,IC,*,T,음,*,*,*,*
음냐,196,14,4380,IC,*,F,음냐,*,*,*,*
음으으음,196,15,4380,IC,*,T,음으으음,*,*,*,*
음음,196,15,4360,IC,*,T,음음,*,*,*,*
음음음,196,15,4761,IC,*,T,음음음,*,*,*,*
음음음음,196,15,5295,IC,*,T,음음음음,*,*,*,*
음음음음음,196,15,4636,IC,*,T,음음음음음,*,*,*,*
읍,196,15,5183,IC,*,T,읍,*,*,*,*
응,196,15,3635,IC,*,T,응,*,*,*,*
응가,196,14,4380,IC,*,F,응가,*,*,*,*
응야,196,14,4380,IC,*,F,응야,*,*,*,*
응으흐흐,196,14,4380,IC,*,F,응으흐흐,*,*,*,*
응응,196,15,5279,IC,*,T,응응,*,*,*,*
응응응,196,15,5178,IC,*,T,응응응,*,*,*,*
이,196,14,4634,IC,*,F,이,*,*,*,*
이거,196,14,4290,IC,*,F,이거,*,*,*,*
이구,196,14,5640,IC,*,F,이구,*,*,*,*
이그,196,14,5709,IC,*,F,이그,*,*,*,*
이끼,196,14,4386,IC,*,F,이끼,*,*,*,*
이끼나,196,14,4380,IC,*,F,이끼나,*,*,*,*
이라,196,14,6763,IC,*,F,이라,*,*,*,*
이래,196,14,5830,IC,*,F,이래,*,*,*,*
이랴,196,14,4380,IC,*,F,이랴,*,*,*,*
이랴이랴,196,14,4380,IC,*,F,이랴이랴,*,*,*,*
이랴이랴이랴,196,14,4380,IC,*,F,이랴이랴이랴,*,*,*,*
이러,196,14,5399,IC,*,F,이러,*,*,*,*
이러언,196,15,4380,IC,*,T,이러언,*,*,*,*
이런,196,15,4222,IC,*,T,이런,*,*,*,*
이바라,196,14,4382,IC,*,F,이바라,*,*,*,*
이보,196,14,4539,IC,*,F,이보,*,*,*,*
이보게,196,14,4380,IC,*,F,이보게,*,*,*,*
이보세요,196,14,4380,IC,*,F,이보세요,*,*,*,*
이보쇼,196,14,4380,IC,*,F,이보쇼,*,*,*,*
이보슈,196,14,4380,IC,*,F,이보슈,*,*,*,*
이보시라우야,196,14,4380,IC,*,F,이보시라우야,*,*,*,*
이보시오,196,14,4380,IC,*,F,이보시오,*,*,*,*
이보오,196,14,4380,IC,*,F,이보오,*,*,*,*
이봐,196,14,3144,IC,*,F,이봐,*,*,*,*
이봐라,196,14,4380,IC,*,F,이봐라,*,*,*,*
이봐요,196,14,4380,IC,*,F,이봐요,*,*,*,*
이새꺄,196,14,4429,IC,*,F,이새꺄,*,*,*,*
이씨,196,14,4840,IC,*,F,이씨,*,*,*,*
이아,196,14,5355,IC,*,F,이아,*,*,*,*
이애,196,14,4427,IC,*,F,이애,*,*,*,*
이야,196,14,4241,IC,*,F,이야,*,*,*,*
이야차,196,14,4380,IC,*,F,이야차,*,*,*,*
이어구,196,14,4380,IC,*,F,이어구,*,*,*,*
이여차,196,14,4380,IC,*,F,이여차,*,*,*,*
이영차,196,14,4380,IC,*,F,이영차,*,*,*,*
이예,196,14,4572,IC,*,F,이예,*,*,*,*
이웨,196,14,4409,IC,*,F,이웨,*,*,*,*
이잉,196,15,4381,IC,*,T,이잉,*,*,*,*
이제,196,14,1530,IC,*,F,이제,*,*,*,*
이크,196,14,4650,IC,*,F,이크,*,*,*,*
이크나,196,14,4380,IC,*,F,이크나,*,*,*,*
이크크,196,14,4380,IC,*,F,이크크,*,*,*,*
이키,196,14,4416,IC,*,F,이키,*,*,*,*
이휴,196,14,4428,IC,*,F,이휴,*,*,*,*
이히,196,14,4380,IC,*,F,이히,*,*,*,*
이히히히,196,14,4380,IC,*,F,이히히히,*,*,*,*
이히힛,196,15,4380,IC,*,T,이히힛,*,*,*,*
익,196,15,6206,IC,*,T,익,*,*,*,*
익크크,196,14,4380,IC,*,F,익크크,*,*,*,*
인까,196,14,4391,IC,*,F,인까,*,*,*,*
인마,196,14,4523,IC,*,F,인마,*,*,*,*
인자,196,14,4982,IC,*,F,인자,*,*,*,*
인제,196,14,1819,IC,*,F,인제,*,*,*,*
임마,196,14,4231,IC,*,F,임마,*,*,*,*
잉,196,15,5502,IC,*,T,잉,*,*,*,*
잉잉잉잉,196,15,4380,IC,*,T,잉잉잉잉,*,*,*,*
자,196,14,4756,IC,*,F,자,*,*,*,*
자꾸,196,14,5016,IC,*,F,자꾸,*,*,*,*
자라,196,14,5452,IC,*,F,자라,*,*,*,*
자아,196,14,4575,IC,*,F,자아,*,*,*,*
자자,196,14,5232,IC,*,F,자자,*,*,*,*
자자자,196,14,4380,IC,*,F,자자자,*,*,*,*
자장자장,196,15,4380,IC,*,T,자장자장,*,*,*,*
장군,196,15,4297,IC,*,T,장군,*,*,*,*
저,196,14,3949,IC,*,F,저,*,*,*,*
저거,196,14,4990,IC,*,F,저거,*,*,*,*
저게,196,14,4040,IC,*,F,저게,*,*,*,*
저그,196,14,4746,IC,*,F,저그,*,*,*,*
저기,196,14,3668,IC,*,F,저기,*,*,*,*
저기요,196,14,4195,IC,*,F,저기요,*,*,*,*
저런,196,15,5447,IC,*,T,저런,*,*,*,*
저어,196,14,4314,IC,*,F,저어,*,*,*,*
저어기,196,14,4380,IC,*,F,저어기,*,*,*,*
저째,196,14,4380,IC,*,F,저째,*,*,*,*
절씨구,196,14,4380,IC,*,F,절씨구,*,*,*,*
절씨구나,196,14,4380,IC,*,F,절씨구나,*,*,*,*
정말,196,15,5314,IC,*,T,정말,*,*,*,*
제,196,14,6787,IC,*,F,제,*,*,*,*
제그랄,196,15,4380,IC,*,T,제그랄,*,*,*,*
제기,196,14,4943,IC,*,F,제기,*,*,*,*
제기랄,196,15,4380,IC,*,T,제기랄,*,*,*,*
제기럴,196,15,4380,IC,*,T,제기럴,*,*,*,*
제길,196,15,4380,IC,*,T,제길,*,*,*,*
제길할,196,15,4380,IC,*,T,제길할,*,*,*,*
제길헐,196,15,4380,IC,*,T,제길헐,*,*,*,*
제미,196,14,4387,IC,*,F,제미,*,*,*,*
제미랄,196,15,4380,IC,*,T,제미랄,*,*,*,*
제미럴,196,15,4380,IC,*,T,제미럴,*,*,*,*
제미붙을,196,15,4380,IC,*,T,제미붙을,*,*,*,*
제밀할,196,15,4380,IC,*,T,제밀할,*,*,*,*
제에기,196,14,4380,IC,*,F,제에기,*,*,*,*
제에길,196,15,4380,IC,*,T,제에길,*,*,*,*
제엔장,196,15,4380,IC,*,T,제엔장,*,*,*,*
젠장,196,15,4053,IC,*,T,젠장,*,*,*,*
젠장맞을,196,15,4380,IC,*,T,젠장맞을,*,*,*,*
젠장할,196,15,4380,IC,*,T,젠장할,*,*,*,*
젠장헐,196,15,4380,IC,*,T,젠장헐,*,*,*,*
젠젱,196,15,4380,IC,*,T,젠젱,*,*,*,*
조또,196,14,4380,IC,*,F,조또,*,*,*,*
조오또,196,14,4380,IC,*,F,조오또,*,*,*,*
좀,196,15,5594,IC,*,T,좀,*,*,*,*
좋아,196,14,5426,IC,*,F,좋아,*,*,*,*
좋아요,196,14,4648,IC,*,F,좋아요,*,*,*,*
죄암죄암,196,15,4380,IC,*,T,죄암죄암,*,*,*,*
죄죄,196,14,4385,IC,*,F,죄죄,*,*,*,*
죔죔,196,15,4380,IC,*,T,죔죔,*,*,*,*
쥐뿔,196,15,4241,IC,*,T,쥐뿔,*,*,*,*
쥐엄쥐엄,196,15,4380,IC,*,T,쥐엄쥐엄,*,*,*,*
즐,196,15,4892,IC,*,T,즐,*,*,*,*
지,196,14,8181,IC,*,F,지,*,*,*,*
지금,196,15,5263,IC,*,T,지금,*,*,*,*
지기랄,196,15,4380,IC,*,T,지기랄,*,*,*,*
지기미,196,14,4380,IC,*,F,지기미,*,*,*,*
지르르륵,196,15,4380,IC,*,T,지르르륵,*,*,*,*
지미,196,14,4403,IC,*,F,지미,*,*,*,*
지미씨팔,196,15,4380,IC,*,T,지미씨팔,*,*,*,*
지화자,196,14,4380,IC,*,F,지화자,*,*,*,*
짜샤,196,14,4365,IC,*,F,짜샤,*,*,*,*
짜식,196,15,4945,IC,*,T,짜식,*,*,*,*
짜자짜자짠짠,196,15,4380,IC,*,T,짜자짜자짠짠,*,*,*,*
짝짜꿍짝짜꿍,196,15,4380,IC,*,T,짝짜꿍짝짜꿍,*,*,*,*
짠,196,15,4750,IC,*,T,짠,*,*,*,*
짹쪼그르짹쪼그르,196,14,4380,IC,*,F,짹쪼그르짹쪼그르,*,*,*,*
쩌,196,14,5614,IC,*,F,쩌,*,*,*,*
쩟,196,15,4380,IC,*,T,쩟,*,*,*,*
쯔쯔,196,14,4380,IC,*,F,쯔쯔,*,*,*,*
쯔쯔쯔,196,14,4380,IC,*,F,쯔쯔쯔,*,*,*,*
쯔쯔쯔쯧,196,15,4380,IC,*,T,쯔쯔쯔쯧,*,*,*,*
쯔쯔쯧,196,15,4380,IC,*,T,쯔쯔쯧,*,*,*,*
쯔쯧,196,15,4380,IC,*,T,쯔쯧,*,*,*,*
쯔쯧쯧,196,15,4380,IC,*,T,쯔쯧쯧,*,*,*,*
쯥,196,15,4380,IC,*,T,쯥,*,*,*,*
쯧,196,15,4777,IC,*,T,쯧,*,*,*,*
쯧쯧,196,15,4740,IC,*,T,쯧쯧,*,*,*,*
쯧쯧쯧,196,15,5136,IC,*,T,쯧쯧쯧,*,*,*,*
쯧쯧쯧쯧,196,15,4211,IC,*,T,쯧쯧쯧쯧,*,*,*,*
찌찌뽕,196,15,4380,IC,*,T,찌찌뽕,*,*,*,*
찟,196,15,4380,IC,*,T,찟,*,*,*,*
차,196,14,6595,IC,*,F,차,*,*,*,*
차려,196,14,4132,IC,*,F,차려,*,*,*,*
차렷,196,15,4621,IC,*,T,차렷,*,*,*,*
차암,196,15,4380,IC,*,T,차암,*,*,*,*
참,196,15,4070,IC,*,T,참,*,*,*,*
참나,196,14,4507,IC,*,F,참나,*,*,*,*
참내,196,14,4957,IC,*,F,참내,*,*,*,*
찻,196,15,4620,IC,*,T,찻,*,*,*,*
처,196,14,6306,IC,*,F,처,*,*,*,*
처어,196,14,4347,IC,*,F,처어,*,*,*,*
천만에,196,14,3386,IC,*,F,천만에,*,*,*,*
천만에요,196,14,5109,IC,*,F,천만에요,*,*,*,*
체,196,14,6569,IC,*,F,체,*,*,*,*
쳇,196,15,4381,IC,*,T,쳇,*,*,*,*
츠,196,14,4668,IC,*,F,츠,*,*,*,*
츠츠츠,196,14,4380,IC,*,F,츠츠츠,*,*,*,*
치,196,14,5413,IC,*,F,치,*,*,*,*
치이,196,14,4438,IC,*,F,치이,*,*,*,*
칫,196,15,4429,IC,*,T,칫,*,*,*,*
카,196,14,5846,IC,*,F,카,*,*,*,*
카라카라,196,14,4380,IC,*,F,카라카라,*,*,*,*
칵,196,15,4600,IC,*,T,칵,*,*,*,*
캐캐,196,14,4380,IC,*,F,캐캐,*,*,*,*
캐캐캐,196,14,4380,IC,*,F,캐캐캐,*,*,*,*
캬,196,14,4380,IC,*,F,캬,*,*,*,*
커,196,14,5333,IC,*,F,커,*,*,*,*
컥,196,15,4743,IC,*,T,컥,*,*,*,*
컹컹컹,196,15,4380,IC,*,T,컹컹컹,*,*,*,*
케,196,14,5096,IC,*,F,케,*,*,*,*
케에엑,196,15,4380,IC,*,T,케에엑,*,*,*,*
켁켁,196,15,4380,IC,*,T,켁켁,*,*,*,*
콩콩콩,196,15,4380,IC,*,T,콩콩콩,*,*,*,*
쿵깨내,196,14,4380,IC,*,F,쿵깨내,*,*,*,*
쿵쿵쿵,196,15,4380,IC,*,T,쿵쿵쿵,*,*,*,*
크,196,14,5852,IC,*,F,크,*,*,*,*
크으,196,14,4324,IC,*,F,크으,*,*,*,*
크윽,196,15,4380,IC,*,T,크윽,*,*,*,*
크이,196,14,4709,IC,*,F,크이,*,*,*,*
크크,196,14,4380,IC,*,F,크크,*,*,*,*
크흐,196,14,4380,IC,*,F,크흐,*,*,*,*
크흐음,196,15,4380,IC,*,T,크흐음,*,*,*,*
크흐흐,196,14,4380,IC,*,F,크흐흐,*,*,*,*
큭큭,196,15,4194,IC,*,T,큭큭,*,*,*,*
클클클,196,15,4380,IC,*,T,클클클,*,*,*,*
키킬킬킬,196,15,4380,IC,*,T,키킬킬킬,*,*,*,*
킥,196,15,4181,IC,*,T,킥,*,*,*,*
킥킥킥,196,15,4380,IC,*,T,킥킥킥,*,*,*,*
킬킬,196,15,4360,IC,*,T,킬킬,*,*,*,*
톡톡톡,196,15,4179,IC,*,T,톡톡톡,*,*,*,*
팅,196,15,5227,IC,*,T,팅,*,*,*,*
팅팅팅,196,15,3641,IC,*,T,팅팅팅,*,*,*,*
팅팅팅팅팅팅,196,15,4783,IC,*,T,팅팅팅팅팅팅,*,*,*,*
팅팅팅팅팅팅팅팅팅팅,196,15,4348,IC,*,T,팅팅팅팅팅팅팅팅팅팅,*,*,*,*
파이팅,196,15,4264,IC,*,T,파이팅,*,*,*,*
파퍄,196,14,4380,IC,*,F,파퍄,*,*,*,*
팔,196,15,5220,IC,*,T,팔,*,*,*,*
퍼펴,196,14,4380,IC,*,F,퍼펴,*,*,*,*
퍽퍽,196,15,4380,IC,*,T,퍽퍽,*,*,*,*
퍽퍽퍽,196,15,4380,IC,*,T,퍽퍽퍽,*,*,*,*
퍽퍽퍽퍽,196,15,4380,IC,*,T,퍽퍽퍽퍽,*,*,*,*
포표,196,14,4381,IC,*,F,포표,*,*,*,*
푸,196,14,5068,IC,*,F,푸,*,*,*,*
푸우,196,14,4380,IC,*,F,푸우,*,*,*,*
푸퓨,196,14,4380,IC,*,F,푸퓨,*,*,*,*
푸하하,196,14,4380,IC,*,F,푸하하,*,*,*,*
푸하하하,196,14,4380,IC,*,F,푸하하하,*,*,*,*
푸핫,196,15,4380,IC,*,T,푸핫,*,*,*,*
풋,196,15,4733,IC,*,T,풋,*,*,*,*
퓽,196,15,4380,IC,*,T,퓽,*,*,*,*
프피,196,14,4380,IC,*,F,프피,*,*,*,*
피,196,14,6302,IC,*,F,피,*,*,*,*
피이,196,14,4394,IC,*,F,피이,*,*,*,*
픽,196,15,4809,IC,*,T,픽,*,*,*,*
하,196,14,4678,IC,*,F,하,*,*,*,*
하마,196,14,4395,IC,*,F,하마,*,*,*,*
하모,196,14,4381,IC,*,F,하모,*,*,*,*
하무요,196,14,4380,IC,*,F,하무요,*,*,*,*
하뿔싸,196,14,4380,IC,*,F,하뿔싸,*,*,*,*
하아,196,14,3649,IC,*,F,하아,*,*,*,*
하야,196,14,3654,IC,*,F,하야,*,*,*,*
하오,196,14,4106,IC,*,F,하오,*,*,*,*
하우,196,14,3910,IC,*,F,하우,*,*,*,*
하유,196,14,4172,IC,*,F,하유,*,*,*,*
하이,196,14,3912,IC,*,F,하이,*,*,*,*
하이고,196,14,4380,IC,*,F,하이고,*,*,*,*
하이고야,196,14,4380,IC,*,F,하이고야,*,*,*,*
하이구,196,14,4380,IC,*,F,하이구,*,*,*,*
하이구야,196,14,4380,IC,*,F,하이구야,*,*,*,*
하이구우,196,14,4380,IC,*,F,하이구우,*,*,*,*
하이참,196,15,4380,IC,*,T,하이참,*,*,*,*
하쭈,196,14,4380,IC,*,F,하쭈,*,*,*,*
하하,196,14,4559,IC,*,F,하하,*,*,*,*
하하이,196,14,4380,IC,*,F,하하이,*,*,*,*
하하하,196,14,4196,IC,*,F,하하하,*,*,*,*
하하하하,196,14,4380,IC,*,F,하하하하,*,*,*,*
하하하하하,196,14,4380,IC,*,F,하하하하하,*,*,*,*
하하하하하하,196,14,4380,IC,*,F,하하하하하하,*,*,*,*
하하핫,196,15,4380,IC,*,T,하하핫,*,*,*,*
하핫,196,15,4380,IC,*,T,하핫,*,*,*,*
하효,196,14,4380,IC,*,F,하효,*,*,*,*
하후,196,14,4380,IC,*,F,하후,*,*,*,*
하휴,196,14,4380,IC,*,F,하휴,*,*,*,*
한,196,15,7373,IC,*,T,한,*,*,*,*
한참,196,15,4089,IC,*,T,한참,*,*,*,*
합,196,15,6461,IC,*,T,합,*,*,*,*
합두,196,14,4380,IC,*,F,합두,*,*,*,*
핫,196,15,4470,IC,*,T,핫,*,*,*,*
핫하하,196,14,4380,IC,*,F,핫하하,*,*,*,*
핫하하하,196,14,4380,IC,*,F,핫하하하,*,*,*,*
핫핫,196,15,4380,IC,*,T,핫핫,*,*,*,*
핫핫핫,196,15,4380,IC,*,T,핫핫핫,*,*,*,*
해,196,14,6485,IC,*,F,해,*,*,*,*
해해해,196,14,4380,IC,*,F,해해해,*,*,*,*
햇,196,15,5165,IC,*,T,햇,*,*,*,*
행이,196,14,5236,IC,*,F,행이,*,*,*,*
햐,196,14,4380,IC,*,F,햐,*,*,*,*
햐아,196,14,4380,IC,*,F,햐아,*,*,*,*
허,196,14,5059,IC,*,F,허,*,*,*,*
허걱,196,15,4380,IC,*,T,허걱,*,*,*,*
허기야,196,14,4380,IC,*,F,허기야,*,*,*,*
허뿔싸,196,14,4380,IC,*,F,허뿔싸,*,*,*,*
허어,196,14,4049,IC,*,F,허어,*,*,*,*
허억,196,15,4380,IC,*,T,허억,*,*,*,*
허우,196,14,4381,IC,*,F,허우,*,*,*,*
허이,196,14,4382,IC,*,F,허이,*,*,*,*
허이구,196,14,4380,IC,*,F,허이구,*,*,*,*
허이그,196,14,4380,IC,*,F,허이그,*,*,*,*
허참,196,15,5433,IC,*,T,허참,*,*,*,*
허허,196,14,4282,IC,*,F,허허,*,*,*,*
허허허,196,14,4380,IC,*,F,허허허,*,*,*,*
허허허허,196,14,4380,IC,*,F,허허허허,*,*,*,*
허허헉,196,15,4108,IC,*,T,허허헉,*,*,*,*
헉,196,15,4420,IC,*,T,헉,*,*,*,*
헉헉,196,15,4413,IC,*,T,헉헉,*,*,*,*
헌데,196,14,4534,IC,*,F,헌데,*,*,*,*
험,196,15,6224,IC,*,T,험,*,*,*,*
헛,196,15,5133,IC,*,T,헛,*,*,*,*
헛허,196,14,4407,IC,*,F,헛허,*,*,*,*
헛허허,196,14,4213,IC,*,F,헛허허,*,*,*,*
헛헛,196,15,4380,IC,*,T,헛헛,*,*,*,*
헛헛헛,196,15,4380,IC,*,T,헛헛헛,*,*,*,*
헤,196,14,4983,IC,*,F,헤,*,*,*,*
헤에,196,14,4380,IC,*,F,헤에,*,*,*,*
헤에야,196,14,4380,IC,*,F,헤에야,*,*,*,*
헤에헤,196,14,4380,IC,*,F,헤에헤,*,*,*,*
헤이,196,14,4091,IC,*,F,헤이,*,*,*,*
헤이야,196,14,4380,IC,*,F,헤이야,*,*,*,*
헤헤,196,14,4380,IC,*,F,헤헤,*,*,*,*
헤헤헤,196,14,4380,IC,*,F,헤헤헤,*,*,*,*
헤헤헤헤,196,14,4380,IC,*,F,헤헤헤헤,*,*,*,*
헥,196,15,4404,IC,*,T,헥,*,*,*,*
헬로우,196,14,4576,IC,*,F,헬로우,*,*,*,*
헴,196,15,4503,IC,*,T,헴,*,*,*,*
헹,196,15,4446,IC,*,T,헹,*,*,*,*
호,196,14,6893,IC,*,F,호,*,*,*,*
호오,196,14,4380,IC,*,F,호오,*,*,*,*
호호,196,14,4402,IC,*,F,호호,*,*,*,*
호호호,196,14,4238,IC,*,F,호호호,*,*,*,*
호호호호,196,14,4380,IC,*,F,호호호호,*,*,*,*
화,196,14,6265,IC,*,F,화,*,*,*,*
화악,196,15,4380,IC,*,T,화악,*,*,*,*
화이팅,196,15,4380,IC,*,T,화이팅,*,*,*,*
확,196,15,7104,IC,*,T,확,*,*,*,*
후,196,14,6597,IC,*,F,후,*,*,*,*
후아아아아암,196,15,4380,IC,*,T,후아아아아암,*,*,*,*
후여,196,14,4384,IC,*,F,후여,*,*,*,*
후우,196,14,4387,IC,*,F,후우,*,*,*,*
후우우,196,14,4380,IC,*,F,후우우,*,*,*,*
후우우우,196,14,4380,IC,*,F,후우우우,*,*,*,*
후유,196,14,4239,IC,*,F,후유,*,*,*,*
후음,196,15,4380,IC,*,T,후음,*,*,*,*
후이,196,14,5561,IC,*,F,후이,*,*,*,*
후후,196,14,3896,IC,*,F,후후,*,*,*,*
후후후,196,14,4380,IC,*,F,후후후,*,*,*,*
후후훗,196,15,4380,IC,*,T,후후훗,*,*,*,*
후훗,196,15,4380,IC,*,T,후훗,*,*,*,*
훗,196,15,5001,IC,*,T,훗,*,*,*,*
훠이,196,14,4380,IC,*,F,훠이,*,*,*,*
훠이훠이,196,14,4380,IC,*,F,훠이훠이,*,*,*,*
휘여,196,14,4380,IC,*,F,휘여,*,*,*,*
휴,196,14,5987,IC,*,F,휴,*,*,*,*
휴우,196,14,4380,IC,*,F,휴우,*,*,*,*
휴유,196,14,4380,IC,*,F,휴유,*,*,*,*
흐,196,14,4428,IC,*,F,흐,*,*,*,*
흐두두두둑,196,15,4380,IC,*,T,흐두두두둑,*,*,*,*
흐미,196,14,4380,IC,*,F,흐미,*,*,*,*
흐으,196,14,4380,IC,*,F,흐으,*,*,*,*
흐으읍,196,15,4380,IC,*,T,흐으읍,*,*,*,*
흐윽,196,15,4380,IC,*,T,흐윽,*,*,*,*
흐음,196,15,4380,IC,*,T,흐음,*,*,*,*
흐읍,196,15,4380,IC,*,T,흐읍,*,*,*,*
흐응,196,15,4380,IC,*,T,흐응,*,*,*,*
흐하하,196,14,4380,IC,*,F,흐하하,*,*,*,*
흐훗,196,15,4380,IC,*,T,흐훗,*,*,*,*
흐흐,196,14,4380,IC,*,F,흐흐,*,*,*,*
흐흐흐,196,14,4380,IC,*,F,흐흐흐,*,*,*,*
흐흐흐흐,196,14,4380,IC,*,F,흐흐흐흐,*,*,*,*
흐흐흐흐흐,196,14,4380,IC,*,F,흐흐흐흐흐,*,*,*,*
흐흐흐흣,196,15,4380,IC,*,T,흐흐흐흣,*,*,*,*
흐흐흑,196,15,4380,IC,*,T,흐흐흑,*,*,*,*
흐흑,196,15,4380,IC,*,T,흐흑,*,*,*,*
흐흠,196,15,4380,IC,*,T,흐흠,*,*,*,*
흐흥,196,15,4380,IC,*,T,흐흥,*,*,*,*
흑,196,15,4145,IC,*,T,흑,*,*,*,*
흑흑,196,15,5353,IC,*,T,흑흑,*,*,*,*
흑흑흑,196,15,4380,IC,*,T,흑흑흑,*,*,*,*
흑흑흑흑,196,15,4380,IC,*,T,흑흑흑흑,*,*,*,*
흠,196,15,4666,IC,*,T,흠,*,*,*,*
흠흠,196,15,4312,IC,*,T,흠흠,*,*,*,*
흡,196,15,4656,IC,*,T,흡,*,*,*,*
흥,196,15,5179,IC,*,T,흥,*,*,*,*
희희희,196,14,4380,IC,*,F,희희희,*,*,*,*
히,196,14,7165,IC,*,F,히,*,*,*,*
히야,196,14,4380,IC,*,F,히야,*,*,*,*
히이,196,14,4206,IC,*,F,히이,*,*,*,*
히잉,196,15,4380,IC,*,T,히잉,*,*,*,*
히히,196,14,4387,IC,*,F,히히,*,*,*,*
히히히,196,14,4380,IC,*,F,히히히,*,*,*,*
히히히이,196,14,4380,IC,*,F,히히히이,*,*,*,*
히히히히,196,14,4380,IC,*,F,히히히히,*,*,*,*
히히히히히,196,14,4380,IC,*,F,히히히히히,*,*,*,*
히히히히히히히히,196,14,4380,IC,*,F,히히히히히히히히,*,*,*,*
히히힛,196,15,4380,IC,*,T,히히힛,*,*,*,*
히힛,196,15,4380,IC,*,T,히힛,*,*,*,*
힛힛힛,196,15,4316,IC,*,T,힛힛힛,*,*,*,*
힝,196,15,4380,IC,*,T,힝,*,*,*,*
