ㅣㅆ,1804,3571,4035,VA,*,F,ㅣㅆ,*,*,*,*
가깝,1804,3572,2927,VA,*,T,가깝,*,*,*,*
가깝디가깝,1804,3572,4035,VA,*,T,가깝디가깝,*,*,*,*
가냐프,1804,3571,4035,VA,*,F,가냐프,*,*,*,*
가냘프,1804,3571,4031,VA,*,F,가냘프,*,*,*,*
가녀리,1804,3571,4035,VA,*,F,가녀리,*,*,*,*
가느다랗,1804,3572,4035,VA,*,T,가느다랗,*,*,*,*
가느닿,1804,3572,4035,VA,*,T,가느닿,*,*,*,*
가느랗,1804,3572,4035,VA,*,T,가느랗,*,*,*,*
가늘,1804,3572,4172,VA,*,T,가늘,*,*,*,*
가늘디가늘,1804,3572,4035,VA,*,T,가늘디가늘,*,*,*,*
가닐,1804,3572,4035,VA,*,T,가닐,*,*,*,*
가당찮,1804,3572,4035,VA,*,T,가당찮,*,*,*,*
가득차,1804,3571,4130,VA,*,F,가득차,*,*,*,*
가랍,1804,3572,4035,VA,*,T,가랍,*,*,*,*
가량스럽,1804,3572,4035,VA,*,T,가량스럽,*,*,*,*
가량없,1804,3572,4035,VA,*,T,가량없,*,*,*,*
가련스럽,1804,3572,4035,VA,*,T,가련스럽,*,*,*,*
가련하,1804,3571,4200,VA,*,F,가련하,*,*,*,*
가렵,1804,3572,4035,VA,*,T,가렵,*,*,*,*
가린스럽,1804,3572,4035,VA,*,T,가린스럽,*,*,*,*
가만있,1804,3572,3542,VA,*,T,가만있,*,*,*,*
가맣,1804,3572,4035,VA,*,T,가맣,*,*,*,*
가멸,1804,3572,4038,VA,*,T,가멸,*,*,*,*
가물,1804,3572,5349,VA,*,T,가물,*,*,*,*
가뭇없,1804,3572,4035,VA,*,T,가뭇없,*,*,*,*
가볍,1804,3572,3058,VA,*,T,가볍,*,*,*,*
가볍디가볍,1804,3572,4035,VA,*,T,가볍디가볍,*,*,*,*
가쁘,1804,3571,2321,VA,*,F,가쁘,*,*,*,*
가살스럽,1804,3572,4035,VA,*,T,가살스럽,*,*,*,*
가살지,1804,3571,4035,VA,*,F,가살지,*,*,*,*
가소롭,1804,3572,4626,VA,*,T,가소롭,*,*,*,*
가없,1804,3572,4256,VA,*,T,가없,*,*,*,*
가열차,1804,3571,4035,VA,*,F,가열차,*,*,*,*
가엷,1804,3572,3991,VA,*,T,가엷,*,*,*,*
가엽,1804,3572,4035,VA,*,T,가엽,*,*,*,*
가엾,1804,3572,4035,VA,*,T,가엾,*,*,*,*
가즈럽,1804,3572,4035,VA,*,T,가즈럽,*,*,*,*
가증스럽,1804,3572,4035,VA,*,T,가증스럽,*,*,*,*
가찹,1804,3572,4035,VA,*,T,가찹,*,*,*,*
가치롭,1804,3572,4035,VA,*,T,가치롭,*,*,*,*
가탈스럽,1804,3572,4035,VA,*,T,가탈스럽,*,*,*,*
가파롭,1804,3572,4035,VA,*,T,가파롭,*,*,*,*
가파르,1804,3571,4035,VA,*,F,가파르,*,*,*,*
가팔르,1804,3571,4035,VA,*,F,가팔르,*,*,*,*
가팔막지,1804,3571,4035,VA,*,F,가팔막지,*,*,*,*
가풀막지,1804,3571,4035,VA,*,F,가풀막지,*,*,*,*
가프,1804,3571,4035,VA,*,F,가프,*,*,*,*
가혹스럽,1804,3572,4035,VA,*,T,가혹스럽,*,*,*,*
각박스럽,1804,3572,4035,VA,*,T,각박스럽,*,*,*,*
각별나,1804,3571,4035,VA,*,F,각별나,*,*,*,*
간곳없,1804,3572,4035,VA,*,T,간곳없,*,*,*,*
간교롭,1804,3572,4035,VA,*,T,간교롭,*,*,*,*
간교스럽,1804,3572,4035,VA,*,T,간교스럽,*,*,*,*
간데없,1804,3572,4125,VA,*,T,간데없,*,*,*,*
간드러지,1804,3571,4035,VA,*,F,간드러지,*,*,*,*
간들어지,1804,3571,4035,VA,*,F,간들어지,*,*,*,*
간사스럽,1804,3572,4035,VA,*,T,간사스럽,*,*,*,*
간살스럽,1804,3572,4035,VA,*,T,간살스럽,*,*,*,*
간악스럽,1804,3572,4035,VA,*,T,간악스럽,*,*,*,*
간지럽,1804,3572,4035,VA,*,T,간지럽,*,*,*,*
간특스럽,1804,3572,4035,VA,*,T,간특스럽,*,*,*,*
간편스럽,1804,3572,4035,VA,*,T,간편스럽,*,*,*,*
간활스럽,1804,3572,4035,VA,*,T,간활스럽,*,*,*,*
간흉스럽,1804,3572,4035,VA,*,T,간흉스럽,*,*,*,*
갈급스럽,1804,3572,4035,VA,*,T,갈급스럽,*,*,*,*
갈데없,1804,3572,4902,VA,*,T,갈데없,*,*,*,*
감,1804,3572,7403,VA,*,T,감,*,*,*,*
감격스럽,1804,3572,4302,VA,*,T,감격스럽,*,*,*,*
감노랗,1804,3572,4035,VA,*,T,감노랗,*,*,*,*
감노르,1804,3571,4035,VA,*,F,감노르,*,*,*,*
감디감,1804,3572,4035,VA,*,T,감디감,*,*,*,*
감명깊,1804,3572,4035,VA,*,T,감명깊,*,*,*,*
감미롭,1804,3572,4035,VA,*,T,감미롭,*,*,*,*
감사납,1804,3572,4035,VA,*,T,감사납,*,*,*,*
감질나,1804,3571,4035,VA,*,F,감질나,*,*,*,*
감쪽같,1804,3572,4492,VA,*,T,감쪽같,*,*,*,*
감탄스럽,1804,3572,4035,VA,*,T,감탄스럽,*,*,*,*
감파랗,1804,3572,4035,VA,*,T,감파랗,*,*,*,*
감파르,1804,3571,4035,VA,*,F,감파르,*,*,*,*
갑갑스럽,1804,3572,4035,VA,*,T,갑갑스럽,*,*,*,*
갑작스럽,1804,3572,2746,VA,*,T,갑작스럽,*,*,*,*
값비싸,1804,3571,4035,VA,*,F,값비싸,*,*,*,*
값싸,1804,3571,4001,VA,*,F,값싸,*,*,*,*
값있,1804,3572,4035,VA,*,T,값있,*,*,*,*
값지,1804,3571,4035,VA,*,F,값지,*,*,*,*
갓,1804,3572,4003,VA,*,T,갓,*,*,*,*
강강하,1804,3571,4035,VA,*,F,강강하,*,*,*,*
강녕하,1804,3571,4035,VA,*,F,강녕하,*,*,*,*
강단지,1804,3571,4035,VA,*,F,강단지,*,*,*,*
강마르,1804,3571,4035,VA,*,F,강마르,*,*,*,*
강직스럽,1804,3572,4035,VA,*,T,강직스럽,*,*,*,*
강파르,1804,3571,4035,VA,*,F,강파르,*,*,*,*
강팍하,1804,3571,4035,VA,*,F,강팍하,*,*,*,*
강팔지,1804,3571,4035,VA,*,F,강팔지,*,*,*,*
강하,1804,3571,3687,VA,*,F,강하,*,*,*,*
갖,1804,3572,5425,VA,*,T,갖,*,*,*,*
같,1804,3572,1090,VA,*,T,같,*,*,*,*
같잖,1804,3572,3616,VA,*,T,같잖,*,*,*,*
같지않,1804,3572,4191,VA,*,T,같지않,*,*,*,*
개감스럽,1804,3572,4035,VA,*,T,개감스럽,*,*,*,*
개구지,1804,3571,4035,VA,*,F,개구지,*,*,*,*
개르,1804,3571,4035,VA,*,F,개르,*,*,*,*
개붓하,1804,3571,4035,VA,*,F,개붓하,*,*,*,*
개성없,1804,3572,4264,VA,*,T,개성없,*,*,*,*
개않,1804,3572,4035,VA,*,T,개않,*,*,*,*
개운찮,1804,3572,4035,VA,*,T,개운찮,*,*,*,*
개으르,1804,3571,4035,VA,*,F,개으르,*,*,*,*
개탄스럽,1804,3572,4035,VA,*,T,개탄스럽,*,*,*,*
객없,1804,3572,4035,VA,*,T,객없,*,*,*,*
객적,1804,3572,4035,VA,*,T,객적,*,*,*,*
객쩍,1804,3572,4035,VA,*,T,객쩍,*,*,*,*
갸날프,1804,3571,4035,VA,*,F,갸날프,*,*,*,*
갸냘프,1804,3571,4035,VA,*,F,갸냘프,*,*,*,*
걀쪽하,1804,3571,4035,VA,*,F,걀쪽하,*,*,*,*
거깄,1804,3572,4035,VA,*,T,거깄,*,*,*,*
거령스럽,1804,3572,4035,VA,*,T,거령스럽,*,*,*,*
거름지,1804,3571,4035,VA,*,F,거름지,*,*,*,*
거만스럽,1804,3572,4035,VA,*,T,거만스럽,*,*,*,*
거멓,1804,3572,4035,VA,*,T,거멓,*,*,*,*
거북살스럽,1804,3572,4035,VA,*,T,거북살스럽,*,*,*,*
거북상스럽,1804,3572,4035,VA,*,T,거북상스럽,*,*,*,*
거북스럽,1804,3572,4137,VA,*,T,거북스럽,*,*,*,*
거세,1804,3571,4026,VA,*,F,거세,*,*,*,*
거세차,1804,3571,4035,VA,*,F,거세차,*,*,*,*
거창스럽,1804,3572,4035,VA,*,T,거창스럽,*,*,*,*
거추장스럽,1804,3572,4035,VA,*,T,거추장스럽,*,*,*,*
거추장시럽,1804,3572,4035,VA,*,T,거추장시럽,*,*,*,*
거치르,1804,3571,4035,VA,*,F,거치르,*,*,*,*
거치장스럽,1804,3572,4035,VA,*,T,거치장스럽,*,*,*,*
거칠,1804,3572,2539,VA,*,T,거칠,*,*,*,*
거침없,1804,3572,3710,VA,*,T,거침없,*,*,*,*
거하,1804,3571,4427,VA,*,F,거하,*,*,*,*
건방지,1804,3571,4070,VA,*,F,건방지,*,*,*,*
건하,1804,3571,4140,VA,*,F,건하,*,*,*,*
걷,1804,3572,5477,VA,*,T,걷,*,*,*,*
걸,1804,3572,6444,VA,*,T,걸,*,*,*,*
걸맞,1804,3572,3627,VA,*,T,걸맞,*,*,*,*
걸죽하,1804,3571,4035,VA,*,F,걸죽하,*,*,*,*
걸지,1804,3571,4035,VA,*,F,걸지,*,*,*,*
걸직하,1804,3571,4035,VA,*,F,걸직하,*,*,*,*
걸차,1804,3571,4035,VA,*,F,걸차,*,*,*,*
걸판지,1804,3571,4035,VA,*,F,걸판지,*,*,*,*
검,1804,3572,3698,VA,*,T,검,*,*,*,*
검누렇,1804,3572,4035,VA,*,T,검누렇,*,*,*,*
검누르,1804,3571,4035,VA,*,F,검누르,*,*,*,*
검디검,1804,3572,4035,VA,*,T,검디검,*,*,*,*
검붉,1804,3572,3980,VA,*,T,검붉,*,*,*,*
검뿌옇,1804,3572,4035,VA,*,T,검뿌옇,*,*,*,*
검질기,1804,3571,4035,VA,*,F,검질기,*,*,*,*
검퍼렇,1804,3572,4035,VA,*,T,검퍼렇,*,*,*,*
검푸르,1804,3571,4035,VA,*,F,검푸르,*,*,*,*
겉,1804,3572,4814,VA,*,T,겉,*,*,*,*
겉약,1804,3572,4035,VA,*,T,겉약,*,*,*,*
겉여물,1804,3572,4035,VA,*,T,겉여물,*,*,*,*
게걸스럽,1804,3572,4035,VA,*,T,게걸스럽,*,*,*,*
게르,1804,3571,4347,VA,*,F,게르,*,*,*,*
게면스럽,1804,3572,4035,VA,*,T,게면스럽,*,*,*,*
게으르,1804,3571,3877,VA,*,F,게으르,*,*,*,*
게을러빠지,1804,3571,4035,VA,*,F,게을러빠지,*,*,*,*
게을러터지,1804,3571,4035,VA,*,F,게을러터지,*,*,*,*
게을르,1804,3571,4035,VA,*,F,게을르,*,*,*,*
게접스럽,1804,3572,4035,VA,*,T,게접스럽,*,*,*,*
겔러빠지,1804,3571,4035,VA,*,F,겔러빠지,*,*,*,*
격렬스럽,1804,3572,4035,VA,*,T,격렬스럽,*,*,*,*
격절스럽,1804,3572,4035,VA,*,T,격절스럽,*,*,*,*
격절하,1804,3571,4035,VA,*,F,격절하,*,*,*,*
격하,1804,3571,4084,VA,*,F,격하,*,*,*,*
견결스럽,1804,3572,4035,VA,*,T,견결스럽,*,*,*,*
겸연쩍,1804,3572,4035,VA,*,T,겸연쩍,*,*,*,*
겹,1804,3572,4781,VA,*,T,겹,*,*,*,*
경망스럽,1804,3572,4116,VA,*,T,경망스럽,*,*,*,*
경박스럽,1804,3572,4035,VA,*,T,경박스럽,*,*,*,*
경사지,1804,3571,4035,VA,*,F,경사지,*,*,*,*
경악스럽,1804,3572,4035,VA,*,T,경악스럽,*,*,*,*
경외롭,1804,3572,4035,VA,*,T,경외롭,*,*,*,*
경이롭,1804,3572,4035,VA,*,T,경이롭,*,*,*,*
경하스럽,1804,3572,4035,VA,*,T,경하스럽,*,*,*,*
경황없,1804,3572,4035,VA,*,T,경황없,*,*,*,*
계면스럽,1804,3572,4035,VA,*,T,계면스럽,*,*,*,*
계면쩍,1804,3572,4027,VA,*,T,계면쩍,*,*,*,*
계시,1804,3571,5177,VA,*,F,계시,*,*,*,*
고깝,1804,3572,4035,VA,*,T,고깝,*,*,*,*
고달프,1804,3571,3982,VA,*,F,고달프,*,*,*,*
고되,1804,3571,4038,VA,*,F,고되,*,*,*,*
고렇,1804,3572,5351,VA,*,T,고렇,*,*,*,*
고롭,1804,3572,4035,VA,*,T,고롭,*,*,*,*
고르,1804,3571,3696,VA,*,F,고르,*,*,*,*
고리,1804,3571,4245,VA,*,F,고리,*,*,*,*
고만스럽,1804,3572,4035,VA,*,T,고만스럽,*,*,*,*
고맙,1804,3572,2819,VA,*,T,고맙,*,*,*,*
고무맙,1804,3572,4035,VA,*,T,고무맙,*,*,*,*
고분스럽,1804,3572,4035,VA,*,T,고분스럽,*,*,*,*
고아스럽,1804,3572,4035,VA,*,T,고아스럽,*,*,*,*
고약스럽,1804,3572,4035,VA,*,T,고약스럽,*,*,*,*
고요롭,1804,3572,4035,VA,*,T,고요롭,*,*,*,*
고이하,1804,3571,4035,VA,*,F,고이하,*,*,*,*
고질스럽,1804,3572,4035,VA,*,T,고질스럽,*,*,*,*
고통되,1804,3571,4035,VA,*,F,고통되,*,*,*,*
고파,1804,3571,4782,VA,*,F,고파,*,*,*,*
고푸,1804,3571,4036,VA,*,F,고푸,*,*,*,*
고풍스럽,1804,3572,4035,VA,*,T,고풍스럽,*,*,*,*
고프,1804,3571,3963,VA,*,F,고프,*,*,*,*
곤경스럽,1804,3572,4035,VA,*,T,곤경스럽,*,*,*,*
곤궁스럽,1804,3572,4035,VA,*,T,곤궁스럽,*,*,*,*
곤하,1804,3571,4157,VA,*,F,곤하,*,*,*,*
곤혹스럽,1804,3572,4193,VA,*,T,곤혹스럽,*,*,*,*
곧,1804,3572,5525,VA,*,T,곧,*,*,*,*
곧바르,1804,3571,4035,VA,*,F,곧바르,*,*,*,*
곧이곧,1804,3572,3319,VA,*,T,곧이곧,*,*,*,*
골독하,1804,3571,4035,VA,*,F,골독하,*,*,*,*
곯,1804,3572,4126,VA,*,T,곯,*,*,*,*
곰살갑,1804,3572,4035,VA,*,T,곰살갑,*,*,*,*
곰살궂,1804,3572,4035,VA,*,T,곰살궂,*,*,*,*
곰살맞,1804,3572,4035,VA,*,T,곰살맞,*,*,*,*
곰상스럽,1804,3572,4035,VA,*,T,곰상스럽,*,*,*,*
곱,1804,3572,3503,VA,*,T,곱,*,*,*,*
곱다랗,1804,3572,4035,VA,*,T,곱다랗,*,*,*,*
곱디곱,1804,3572,4035,VA,*,T,곱디곱,*,*,*,*
곱살스럽,1804,3572,4035,VA,*,T,곱살스럽,*,*,*,*
곱상스럽,1804,3572,4035,VA,*,T,곱상스럽,*,*,*,*
공교롭,1804,3572,4427,VA,*,T,공교롭,*,*,*,*
공교스럽,1804,3572,4035,VA,*,T,공교스럽,*,*,*,*
공굴차,1804,3571,4035,VA,*,F,공굴차,*,*,*,*
공변되,1804,3571,4035,VA,*,F,공변되,*,*,*,*
공손스럽,1804,3572,4035,VA,*,T,공손스럽,*,*,*,*
공연스럽,1804,3572,4035,VA,*,T,공연스럽,*,*,*,*
공포스럽,1804,3572,4035,VA,*,T,공포스럽,*,*,*,*
공허스럽,1804,3572,4035,VA,*,T,공허스럽,*,*,*,*
과감스럽,1804,3572,4035,VA,*,T,과감스럽,*,*,*,*
과밀되,1804,3571,4035,VA,*,F,과밀되,*,*,*,*
과중되,1804,3571,4035,VA,*,F,과중되,*,*,*,*
과하,1804,3571,2733,VA,*,F,과하,*,*,*,*
과허,1804,3571,4037,VA,*,F,과허,*,*,*,*
관계없,1804,3572,3008,VA,*,T,관계없,*,*,*,*
관계있,1804,3572,4035,VA,*,T,관계있,*,*,*,*
관계찮,1804,3572,4035,VA,*,T,관계찮,*,*,*,*
괄괄스럽,1804,3572,4035,VA,*,T,괄괄스럽,*,*,*,*
괄하,1804,3571,4055,VA,*,F,괄하,*,*,*,*
광명되,1804,3571,4035,VA,*,F,광명되,*,*,*,*
광포스럽,1804,3572,4035,VA,*,T,광포스럽,*,*,*,*
광활스럽,1804,3572,4035,VA,*,T,광활스럽,*,*,*,*
괘사스럽,1804,3572,4035,VA,*,T,괘사스럽,*,*,*,*
괘씸스럽,1804,3572,4035,VA,*,T,괘씸스럽,*,*,*,*
괜스럽,1804,3572,4035,VA,*,T,괜스럽,*,*,*,*
괜찮,1804,3572,2114,VA,*,T,괜찮,*,*,*,*
괜하,1804,3571,4035,VA,*,F,괜하,*,*,*,*
괴괴스럽,1804,3572,4035,VA,*,T,괴괴스럽,*,*,*,*
괴기스럽,1804,3572,4035,VA,*,T,괴기스럽,*,*,*,*
괴까다롭,1804,3572,4035,VA,*,T,괴까다롭,*,*,*,*
괴까닭스럽,1804,3572,4035,VA,*,T,괴까닭스럽,*,*,*,*
괴란쩍,1804,3572,4035,VA,*,T,괴란쩍,*,*,*,*
괴롭,1804,3572,3138,VA,*,T,괴롭,*,*,*,*
괴망스럽,1804,3572,4035,VA,*,T,괴망스럽,*,*,*,*
괴벽스럽,1804,3572,4035,VA,*,T,괴벽스럽,*,*,*,*
괴상스럽,1804,3572,4035,VA,*,T,괴상스럽,*,*,*,*
괴악스럽,1804,3572,4035,VA,*,T,괴악스럽,*,*,*,*
괴이쩍,1804,3572,4035,VA,*,T,괴이쩍,*,*,*,*
괴이찮,1804,3572,4035,VA,*,T,괴이찮,*,*,*,*
괴팍스럽,1804,3572,4035,VA,*,T,괴팍스럽,*,*,*,*
괴퍅하,1804,3571,4035,VA,*,F,괴퍅하,*,*,*,*
굉장스럽,1804,3572,4035,VA,*,T,굉장스럽,*,*,*,*
교사스럽,1804,3572,4035,VA,*,T,교사스럽,*,*,*,*
교앙스럽,1804,3572,4035,VA,*,T,교앙스럽,*,*,*,*
교태롭,1804,3572,4035,VA,*,T,교태롭,*,*,*,*
교태스럽,1804,3572,4035,VA,*,T,교태스럽,*,*,*,*
교활스럽,1804,3572,4035,VA,*,T,교활스럽,*,*,*,*
구경스럽,1804,3572,4035,VA,*,T,구경스럽,*,*,*,*
구구스럽,1804,3572,4035,VA,*,T,구구스럽,*,*,*,*
구리,1804,3571,4434,VA,*,F,구리,*,*,*,*
구배지,1804,3571,4035,VA,*,F,구배지,*,*,*,*
구쁘,1804,3571,4035,VA,*,F,구쁘,*,*,*,*
구석지,1804,3571,4035,VA,*,F,구석지,*,*,*,*
구성없,1804,3572,4035,VA,*,T,구성없,*,*,*,*
구성지,1804,3571,4035,VA,*,F,구성지,*,*,*,*
구슬프,1804,3571,4035,VA,*,F,구슬프,*,*,*,*
구접스럽,1804,3572,4408,VA,*,T,구접스럽,*,*,*,*
구지,1804,3571,4170,VA,*,F,구지,*,*,*,*
구질,1804,3572,4036,VA,*,T,구질,*,*,*,*
구차스럽,1804,3572,4035,VA,*,T,구차스럽,*,*,*,*
구차하,1804,3571,4316,VA,*,F,구차하,*,*,*,*
구찮,1804,3572,4035,VA,*,T,구찮,*,*,*,*
군던지럽,1804,3572,4035,VA,*,T,군던지럽,*,*,*,*
군색스럽,1804,3572,4035,VA,*,T,군색스럽,*,*,*,*
군시럽,1804,3572,4035,VA,*,T,군시럽,*,*,*,*
군지럽,1804,3572,4035,VA,*,T,군지럽,*,*,*,*
굳,1804,3572,3912,VA,*,T,굳,*,*,*,*
굳세,1804,3571,4035,VA,*,F,굳세,*,*,*,*
굴곡지,1804,3571,4035,VA,*,F,굴곡지,*,*,*,*
굴뚝같,1804,3572,4035,VA,*,T,굴뚝같,*,*,*,*
굴신스럽,1804,3572,4035,VA,*,T,굴신스럽,*,*,*,*
굴척지,1804,3571,4035,VA,*,F,굴척지,*,*,*,*
굵,1804,3572,4140,VA,*,T,굵,*,*,*,*
굵다랗,1804,3572,4035,VA,*,T,굵다랗,*,*,*,*
굵디굵,1804,3572,4035,VA,*,T,굵디굵,*,*,*,*
굻,1804,3572,4035,VA,*,T,굻,*,*,*,*
굼닐,1804,3572,4035,VA,*,T,굼닐,*,*,*,*
굼뜨,1804,3571,4035,VA,*,F,굼뜨,*,*,*,*
굽,1804,3572,4928,VA,*,T,굽,*,*,*,*
궁굴,1804,3572,4035,VA,*,T,궁굴,*,*,*,*
궁글,1804,3572,4035,VA,*,T,궁글,*,*,*,*
궁금스럽,1804,3572,4035,VA,*,T,궁금스럽,*,*,*,*
궁금쩍,1804,3572,4035,VA,*,T,궁금쩍,*,*,*,*
궁금하,1804,3571,4422,VA,*,F,궁금하,*,*,*,*
궁벽스럽,1804,3572,4035,VA,*,T,궁벽스럽,*,*,*,*
궁상맞,1804,3572,4035,VA,*,T,궁상맞,*,*,*,*
궁상스럽,1804,3572,4035,VA,*,T,궁상스럽,*,*,*,*
궁색스럽,1804,3572,4035,VA,*,T,궁색스럽,*,*,*,*
궁시렁거리,1804,3571,4833,VA,*,F,궁시렁거리,*,*,*,*
궁하,1804,3571,4035,VA,*,F,궁하,*,*,*,*
궂,1804,3572,3050,VA,*,T,궂,*,*,*,*
궃,1804,3572,4035,VA,*,T,궃,*,*,*,*
궤란쩍,1804,3572,4035,VA,*,T,궤란쩍,*,*,*,*
귀골스럽,1804,3572,4035,VA,*,T,귀골스럽,*,*,*,*
귀꿈스럽,1804,3572,4035,VA,*,T,귀꿈스럽,*,*,*,*
귀살스럽,1804,3572,4035,VA,*,T,귀살스럽,*,*,*,*
귀설,1804,3572,4035,VA,*,T,귀설,*,*,*,*
귀염성스럽,1804,3572,4035,VA,*,T,귀염성스럽,*,*,*,*
귀엽,1804,3572,4018,VA,*,T,귀엽,*,*,*,*
귀접스럽,1804,3572,4035,VA,*,T,귀접스럽,*,*,*,*
귀중스럽,1804,3572,4035,VA,*,T,귀중스럽,*,*,*,*
귀찬,1804,3572,4035,VA,*,T,귀찬,*,*,*,*
귀찮,1804,3572,2414,VA,*,T,귀찮,*,*,*,*
귀하,1804,3571,2232,VA,*,F,귀하,*,*,*,*
귀허,1804,3571,4035,VA,*,F,귀허,*,*,*,*
그러,1804,3571,5411,VA,*,F,그러,*,*,*,*
그러잖,1804,3572,4404,VA,*,T,그러잖,*,*,*,*
그러찮,1804,3572,4035,VA,*,T,그러찮,*,*,*,*
그러하,1804,3571,3489,VA,*,F,그러하,*,*,*,*
그럴듯하,1804,3571,4243,VA,*,F,그럴듯하,*,*,*,*
그럴사하,1804,3571,4035,VA,*,F,그럴사하,*,*,*,*
그럴싸하,1804,3571,3639,VA,*,F,그럴싸하,*,*,*,*
그럿,1804,3572,4035,VA,*,T,그럿,*,*,*,*
그렁,1804,3572,4035,VA,*,T,그렁,*,*,*,*
그렁하,1804,3571,4035,VA,*,F,그렁하,*,*,*,*
그렇,1804,3572,2669,VA,*,T,그렇,*,*,*,*
그렇잖,1804,3572,4710,VA,*,T,그렇잖,*,*,*,*
그르,1804,3571,5125,VA,*,F,그르,*,*,*,*
그릇되,1804,3571,4035,VA,*,F,그릇되,*,*,*,*
그릏,1804,3572,4595,VA,*,T,그릏,*,*,*,*
그립,1804,3572,3981,VA,*,T,그립,*,*,*,*
그만이,1804,3571,5730,VA,*,F,그만이,*,*,*,*
그만하,1804,3571,4420,VA,*,F,그만하,*,*,*,*
그악스럽,1804,3572,4035,VA,*,T,그악스럽,*,*,*,*
그으르,1804,3571,4035,VA,*,F,그으르,*,*,*,*
그지없,1804,3572,3529,VA,*,T,그지없,*,*,*,*
그침없,1804,3572,4035,VA,*,T,그침없,*,*,*,*
극성맞,1804,3572,4035,VA,*,T,극성맞,*,*,*,*
극성스럽,1804,3572,4035,VA,*,T,극성스럽,*,*,*,*
극심스럽,1804,3572,4035,VA,*,T,극심스럽,*,*,*,*
극악스럽,1804,3572,4035,VA,*,T,극악스럽,*,*,*,*
근지럽,1804,3572,4035,VA,*,T,근지럽,*,*,*,*
글,1804,3572,5047,VA,*,T,글,*,*,*,*
글르,1804,3571,4035,VA,*,F,글르,*,*,*,*
글박스럽,1804,3572,4035,VA,*,T,글박스럽,*,*,*,*
금쪽같,1804,3572,4320,VA,*,T,금쪽같,*,*,*,*
급작스럽,1804,3572,4035,VA,*,T,급작스럽,*,*,*,*
급하,1804,3571,2719,VA,*,F,급하,*,*,*,*
급허,1804,3571,4035,VA,*,F,급허,*,*,*,*
기,1804,3571,6656,VA,*,F,기,*,*,*,*
기강스럽,1804,3572,4035,VA,*,T,기강스럽,*,*,*,*
기걸스럽,1804,3572,4035,VA,*,T,기걸스럽,*,*,*,*
기겁스럽,1804,3572,4035,VA,*,T,기겁스럽,*,*,*,*
기골차,1804,3571,4035,VA,*,F,기골차,*,*,*,*
기괴스럽,1804,3572,4035,VA,*,T,기괴스럽,*,*,*,*
기껍,1804,3572,4035,VA,*,T,기껍,*,*,*,*
기나길,1804,3572,4035,VA,*,T,기나길,*,*,*,*
기다랗,1804,3572,4035,VA,*,T,기다랗,*,*,*,*
기다맣,1804,3572,4035,VA,*,T,기다맣,*,*,*,*
기닿,1804,3572,4035,VA,*,T,기닿,*,*,*,*
기똥차,1804,3571,4035,VA,*,F,기똥차,*,*,*,*
기뚱거리,1804,3571,4035,VA,*,F,기뚱거리,*,*,*,*
기럽,1804,3572,4035,VA,*,T,기럽,*,*,*,*
기렇,1804,3572,4035,VA,*,T,기렇,*,*,*,*
기름지,1804,3571,4035,VA,*,F,기름지,*,*,*,*
기막히,1804,3571,3857,VA,*,F,기막히,*,*,*,*
기맥히,1804,3571,4035,VA,*,F,기맥히,*,*,*,*
기분좋,1804,3572,5166,VA,*,T,기분좋,*,*,*,*
기쁘,1804,3571,3563,VA,*,F,기쁘,*,*,*,*
기운차,1804,3571,3975,VA,*,F,기운차,*,*,*,*
기차,1804,3571,4330,VA,*,F,기차,*,*,*,*
기탄없,1804,3572,4035,VA,*,T,기탄없,*,*,*,*
긴하,1804,3571,5206,VA,*,F,긴하,*,*,*,*
길,1804,3572,4130,VA,*,T,길,*,*,*,*
길고길,1804,3572,4035,VA,*,T,길고길,*,*,*,*
길길다랗,1804,3572,4035,VA,*,T,길길다랗,*,*,*,*
길다랗,1804,3572,4035,VA,*,T,길다랗,*,*,*,*
길둥글,1804,3572,4035,VA,*,T,길둥글,*,*,*,*
길디길,1804,3572,4035,VA,*,T,길디길,*,*,*,*
길하,1804,3571,4271,VA,*,F,길하,*,*,*,*
깊,1804,3572,2338,VA,*,T,깊,*,*,*,*
깊고깊,1804,3572,4227,VA,*,T,깊고깊,*,*,*,*
깊다랗,1804,3572,4035,VA,*,T,깊다랗,*,*,*,*
깊디깊,1804,3572,4035,VA,*,T,깊디깊,*,*,*,*
까다롭,1804,3572,4015,VA,*,T,까다롭,*,*,*,*
까닭스럽,1804,3572,4035,VA,*,T,까닭스럽,*,*,*,*
까딱없,1804,3572,4035,VA,*,T,까딱없,*,*,*,*
까리하,1804,3571,4035,VA,*,F,까리하,*,*,*,*
까맣,1804,3572,4147,VA,*,T,까맣,*,*,*,*
까슬하,1804,3571,4035,VA,*,F,까슬하,*,*,*,*
까시까시랗,1804,3572,4035,VA,*,T,까시까시랗,*,*,*,*
까아맣,1804,3572,4035,VA,*,T,까아맣,*,*,*,*
까지,1804,3571,4149,VA,*,F,까지,*,*,*,*
까탈스럽,1804,3572,4035,VA,*,T,까탈스럽,*,*,*,*
깎아지르,1804,3571,4035,VA,*,F,깎아지르,*,*,*,*
깐지,1804,3571,4035,VA,*,F,깐지,*,*,*,*
깐질기,1804,3571,4035,VA,*,F,깐질기,*,*,*,*
깔깔하,1804,3571,4035,VA,*,F,깔깔하,*,*,*,*
깔끄럽,1804,3572,4035,VA,*,T,깔끄럽,*,*,*,*
깔끔스럽,1804,3572,4035,VA,*,T,깔끔스럽,*,*,*,*
깜,1804,3572,4214,VA,*,T,깜,*,*,*,*
깜쪽같,1804,3572,4035,VA,*,T,깜쪽같,*,*,*,*
깜찍스럽,1804,3572,4035,VA,*,T,깜찍스럽,*,*,*,*
깜찍하,1804,3571,4419,VA,*,F,깜찍하,*,*,*,*
깡마르,1804,3571,4035,VA,*,F,깡마르,*,*,*,*
깨끗잖,1804,3572,4035,VA,*,T,깨끗잖,*,*,*,*
깨닫,1804,3572,4459,VA,*,T,깨닫,*,*,*,*
꺼덕치,1804,3571,4035,VA,*,F,꺼덕치,*,*,*,*
꺼림텁텁하,1804,3571,4035,VA,*,F,꺼림텁텁하,*,*,*,*
꺼멓,1804,3572,4043,VA,*,T,꺼멓,*,*,*,*
꺽세,1804,3571,4035,VA,*,F,꺽세,*,*,*,*
껄끄럽,1804,3572,4035,VA,*,T,껄끄럽,*,*,*,*
껄렁껄렁하,1804,3571,4035,VA,*,F,껄렁껄렁하,*,*,*,*
껌,1804,3572,4134,VA,*,T,껌,*,*,*,*
께름직하,1804,3571,4035,VA,*,F,께름직하,*,*,*,*
꼬지,1804,3571,4035,VA,*,F,꼬지,*,*,*,*
꼴같잖,1804,3572,3939,VA,*,T,꼴같잖,*,*,*,*
꼴사납,1804,3572,4035,VA,*,T,꼴사납,*,*,*,*
꼼꼼스럽,1804,3572,4035,VA,*,T,꼼꼼스럽,*,*,*,*
꼼짝없,1804,3572,4043,VA,*,T,꼼짝없,*,*,*,*
꽁하,1804,3571,4291,VA,*,F,꽁하,*,*,*,*
꾀까다롭,1804,3572,4035,VA,*,T,꾀까다롭,*,*,*,*
꾀까닭스럽,1804,3572,4035,VA,*,T,꾀까닭스럽,*,*,*,*
꾀바르,1804,3571,4035,VA,*,F,꾀바르,*,*,*,*
꾸미,1804,3571,4858,VA,*,F,꾸미,*,*,*,*
꾸밈없,1804,3572,4035,VA,*,T,꾸밈없,*,*,*,*
꾸지,1804,3571,4320,VA,*,F,꾸지,*,*,*,*
꿈같,1804,3572,4724,VA,*,T,꿈같,*,*,*,*
꿈뜨,1804,3571,4035,VA,*,F,꿈뜨,*,*,*,*
끄덕없,1804,3572,4035,VA,*,T,끄덕없,*,*,*,*
끄떡없,1804,3572,4035,VA,*,T,끄떡없,*,*,*,*
끄므레하,1804,3571,4035,VA,*,F,끄므레하,*,*,*,*
끈덕지,1804,3571,4035,VA,*,F,끈덕지,*,*,*,*
끈질기,1804,3571,4035,VA,*,F,끈질기,*,*,*,*
끊,1804,3572,5111,VA,*,T,끊,*,*,*,*
끊임없,1804,3572,3863,VA,*,T,끊임없,*,*,*,*
끌,1804,3572,5873,VA,*,T,끌,*,*,*,*
끌질기,1804,3571,4035,VA,*,F,끌질기,*,*,*,*
끔찍끔찍스럽,1804,3572,4035,VA,*,T,끔찍끔찍스럽,*,*,*,*
끔찍스럽,1804,3572,4035,VA,*,T,끔찍스럽,*,*,*,*
끝없,1804,3572,3054,VA,*,T,끝없,*,*,*,*
낄,1804,3572,4096,VA,*,T,낄,*,*,*,*
낄따랗,1804,3572,4035,VA,*,T,낄따랗,*,*,*,*
나같,1804,3572,4948,VA,*,T,나같,*,*,*,*
나긋나긋하,1804,3571,4035,VA,*,F,나긋나긋하,*,*,*,*
나누,1804,3571,5128,VA,*,F,나누,*,*,*,*
나들하,1804,3571,4035,VA,*,F,나들하,*,*,*,*
나부죽하,1804,3571,4035,VA,*,F,나부죽하,*,*,*,*
나뿌,1804,3571,4035,VA,*,F,나뿌,*,*,*,*
나쁘,1804,3571,2738,VA,*,F,나쁘,*,*,*,*
나섭,1804,3572,4036,VA,*,T,나섭,*,*,*,*
나아쁘,1804,3571,4035,VA,*,F,나아쁘,*,*,*,*
나어리,1804,3571,4202,VA,*,F,나어리,*,*,*,*
나즈막하,1804,3571,4035,VA,*,F,나즈막하,*,*,*,*
나태스럽,1804,3572,4035,VA,*,T,나태스럽,*,*,*,*
난감스럽,1804,3572,4035,VA,*,T,난감스럽,*,*,*,*
난데없,1804,3572,3276,VA,*,T,난데없,*,*,*,*
난잡스럽,1804,3572,4035,VA,*,T,난잡스럽,*,*,*,*
난폭스럽,1804,3572,4035,VA,*,T,난폭스럽,*,*,*,*
난하,1804,3571,3843,VA,*,F,난하,*,*,*,*
날래,1804,3571,4024,VA,*,F,날래,*,*,*,*
날쌉,1804,3572,4035,VA,*,T,날쌉,*,*,*,*
날쌔,1804,3571,3880,VA,*,F,날쌔,*,*,*,*
날쎄,1804,3571,4035,VA,*,F,날쎄,*,*,*,*
날카롭,1804,3572,3828,VA,*,T,날카롭,*,*,*,*
낡,1804,3572,2597,VA,*,T,낡,*,*,*,*
남,1804,3572,7181,VA,*,T,남,*,*,*,*
남다르,1804,3571,3847,VA,*,F,남다르,*,*,*,*
남모르,1804,3571,4035,VA,*,F,남모르,*,*,*,*
남부끄럽,1804,3572,4035,VA,*,T,남부끄럽,*,*,*,*
남부럽,1804,3572,4094,VA,*,T,남부럽,*,*,*,*
남부럽잖,1804,3572,3974,VA,*,T,남부럽잖,*,*,*,*
남새시럽,1804,3572,4035,VA,*,T,남새시럽,*,*,*,*
남세스럽,1804,3572,4035,VA,*,T,남세스럽,*,*,*,*
남짓하,1804,3571,4035,VA,*,F,남짓하,*,*,*,*
낫,1804,3572,3774,VA,*,T,낫,*,*,*,*
낮,1804,3572,2995,VA,*,T,낮,*,*,*,*
낮디낮,1804,3572,4035,VA,*,T,낮디낮,*,*,*,*
낯간지럽,1804,3572,4035,VA,*,T,낯간지럽,*,*,*,*
낯뜨겁,1804,3572,4035,VA,*,T,낯뜨겁,*,*,*,*
낯모르,1804,3571,4035,VA,*,F,낯모르,*,*,*,*
낯설,1804,3572,2969,VA,*,T,낯설,*,*,*,*
낯익,1804,3572,3452,VA,*,T,낯익,*,*,*,*
낳,1804,3572,5147,VA,*,T,낳,*,*,*,*
내놓,1804,3572,5162,VA,*,T,내놓,*,*,*,*
내리덥,1804,3572,4035,VA,*,T,내리덥,*,*,*,*
내흉스럽,1804,3572,4035,VA,*,T,내흉스럽,*,*,*,*
냅,1804,3572,4135,VA,*,T,냅,*,*,*,*
냉정스럽,1804,3572,4035,VA,*,T,냉정스럽,*,*,*,*
냉하,1804,3571,4035,VA,*,F,냉하,*,*,*,*
너그럽,1804,3572,4034,VA,*,T,너그럽,*,*,*,*
너르,1804,3571,4034,VA,*,F,너르,*,*,*,*
너무하,1804,3571,4098,VA,*,F,너무하,*,*,*,*
넉살맞,1804,3572,4035,VA,*,T,넉살맞,*,*,*,*
넉살스럽,1804,3572,4035,VA,*,T,넉살스럽,*,*,*,*
널따랗,1804,3572,4035,VA,*,T,널따랗,*,*,*,*
널럴하,1804,3571,4035,VA,*,F,널럴하,*,*,*,*
넒,1804,3572,3943,VA,*,T,넒,*,*,*,*
넓,1804,3572,2299,VA,*,T,넓,*,*,*,*
넓고넓,1804,3572,4156,VA,*,T,넓고넓,*,*,*,*
넓다랗,1804,3572,4035,VA,*,T,넓다랗,*,*,*,*
넓둥글,1804,3572,4035,VA,*,T,넓둥글,*,*,*,*
넓디넓,1804,3572,4008,VA,*,T,넓디넓,*,*,*,*
넙적하,1804,3571,4035,VA,*,F,넙적하,*,*,*,*
네모나,1804,3571,3930,VA,*,F,네모나,*,*,*,*
네모낳,1804,3572,4035,VA,*,T,네모낳,*,*,*,*
네모지,1804,3571,3983,VA,*,F,네모지,*,*,*,*
노랗,1804,3572,4032,VA,*,T,노랗,*,*,*,*
노르,1804,3571,4047,VA,*,F,노르,*,*,*,*
노릇하,1804,3571,4055,VA,*,F,노릇하,*,*,*,*
노리,1804,3571,4884,VA,*,F,노리,*,*,*,*
노리끼하,1804,3571,4035,VA,*,F,노리끼하,*,*,*,*
노망되,1804,3571,4035,VA,*,F,노망되,*,*,*,*
노엽,1804,3572,4035,VA,*,T,노엽,*,*,*,*
노오랗,1804,3572,4035,VA,*,T,노오랗,*,*,*,*
노하,1804,3571,4059,VA,*,F,노하,*,*,*,*
녹작지근하,1804,3571,4035,VA,*,F,녹작지근하,*,*,*,*
놀,1804,3572,5924,VA,*,T,놀,*,*,*,*
놀라,1804,3571,4484,VA,*,F,놀라,*,*,*,*
놀라웁,1804,3572,4035,VA,*,T,놀라웁,*,*,*,*
놀랍,1804,3572,4002,VA,*,T,놀랍,*,*,*,*
놉,1804,3572,4035,VA,*,T,놉,*,*,*,*
농하,1804,3571,4035,VA,*,F,농하,*,*,*,*
높,1804,3572,3861,VA,*,T,높,*,*,*,*
높고높,1804,3572,4035,VA,*,T,높고높,*,*,*,*
높낮,1804,3572,4035,VA,*,T,높낮,*,*,*,*
높다랗,1804,3572,4035,VA,*,T,높다랗,*,*,*,*
높디높,1804,3572,4035,VA,*,T,높디높,*,*,*,*
높푸르,1804,3571,4035,VA,*,F,높푸르,*,*,*,*
놓,1804,3572,6049,VA,*,T,놓,*,*,*,*
뇌꼴스럽,1804,3572,4035,VA,*,T,뇌꼴스럽,*,*,*,*
누기차,1804,3571,4035,VA,*,F,누기차,*,*,*,*
누덕누덕하,1804,3571,4035,VA,*,F,누덕누덕하,*,*,*,*
누렇,1804,3572,4031,VA,*,T,누렇,*,*,*,*
누르,1804,3571,4371,VA,*,F,누르,*,*,*,*
누르디누르,1804,3571,4035,VA,*,F,누르디누르,*,*,*,*
누릏,1804,3572,4035,VA,*,T,누릏,*,*,*,*
누리,1804,3571,4848,VA,*,F,누리,*,*,*,*
누리끼하,1804,3571,4035,VA,*,F,누리끼하,*,*,*,*
누우렇,1804,3572,4035,VA,*,T,누우렇,*,*,*,*
누지,1804,3571,4062,VA,*,F,누지,*,*,*,*
눅,1804,3572,4064,VA,*,T,눅,*,*,*,*
눈꼴사납,1804,3572,4035,VA,*,T,눈꼴사납,*,*,*,*
눈꼴시,1804,3571,4035,VA,*,F,눈꼴시,*,*,*,*
눈물겹,1804,3572,3889,VA,*,T,눈물겹,*,*,*,*
눈부시,1804,3571,3733,VA,*,F,눈부시,*,*,*,*
느껍,1804,3572,4035,VA,*,T,느껍,*,*,*,*
느닷없,1804,3572,4050,VA,*,T,느닷없,*,*,*,*
느리,1804,3571,3671,VA,*,F,느리,*,*,*,*
느물스럽,1804,3572,4035,VA,*,T,느물스럽,*,*,*,*
느즈막하,1804,3571,4421,VA,*,F,느즈막하,*,*,*,*
늘,1804,3572,7317,VA,*,T,늘,*,*,*,*
늘씬하,1804,3571,4035,VA,*,F,늘씬하,*,*,*,*
늘큰하,1804,3571,4035,VA,*,F,늘큰하,*,*,*,*
늙,1804,3572,5494,VA,*,T,늙,*,*,*,*
늠름스럽,1804,3572,4035,VA,*,T,늠름스럽,*,*,*,*
능갈맞,1804,3572,4035,VA,*,T,능갈맞,*,*,*,*
능갈치,1804,3571,4035,VA,*,F,능갈치,*,*,*,*
능글맞,1804,3572,4035,VA,*,T,능글맞,*,*,*,*
능글스럽,1804,3572,4035,VA,*,T,능글스럽,*,*,*,*
능청맞,1804,3572,4035,VA,*,T,능청맞,*,*,*,*
능청스럽,1804,3572,4737,VA,*,T,능청스럽,*,*,*,*
능하,1804,3571,4210,VA,*,F,능하,*,*,*,*
늦,1804,3572,2481,VA,*,T,늦,*,*,*,*
다급스럽,1804,3572,4035,VA,*,T,다급스럽,*,*,*,*
다긔차,1804,3571,4035,VA,*,F,다긔차,*,*,*,*
다기지,1804,3571,4035,VA,*,F,다기지,*,*,*,*
다기차,1804,3571,4035,VA,*,F,다기차,*,*,*,*
다담지,1804,3571,4035,VA,*,F,다담지,*,*,*,*
다되,1804,3571,4625,VA,*,F,다되,*,*,*,*
다디달,1804,3572,4035,VA,*,T,다디달,*,*,*,*
다랍,1804,3572,4035,VA,*,T,다랍,*,*,*,*
다르,1804,3571,2093,VA,*,F,다르,*,*,*,*
다르잖,1804,3572,4036,VA,*,T,다르잖,*,*,*,*
다름아니,1804,3571,4531,VA,*,F,다름아니,*,*,*,*
다름없,1804,3572,2843,VA,*,T,다름없,*,*,*,*
다보록하,1804,3571,4035,VA,*,F,다보록하,*,*,*,*
다복스럽,1804,3572,4035,VA,*,T,다복스럽,*,*,*,*
다부지,1804,3571,4035,VA,*,F,다부지,*,*,*,*
다사롭,1804,3572,4035,VA,*,T,다사롭,*,*,*,*
다사스럽,1804,3572,4035,VA,*,T,다사스럽,*,*,*,*
다수굿하,1804,3571,4035,VA,*,F,다수굿하,*,*,*,*
다숩,1804,3572,4033,VA,*,T,다숩,*,*,*,*
다습,1804,3572,4230,VA,*,T,다습,*,*,*,*
다시없,1804,3572,4035,VA,*,T,다시없,*,*,*,*
다양스럽,1804,3572,4035,VA,*,T,다양스럽,*,*,*,*
다이내믹하,1804,3571,4035,VA,*,F,다이내믹하,*,*,*,*
다정스럽,1804,3572,4035,VA,*,T,다정스럽,*,*,*,*
다채롭,1804,3572,4426,VA,*,T,다채롭,*,*,*,*
다함없,1804,3572,4035,VA,*,T,다함없,*,*,*,*
다행스럽,1804,3572,4114,VA,*,T,다행스럽,*,*,*,*
단작스럽,1804,3572,4035,VA,*,T,단작스럽,*,*,*,*
단조롭,1804,3572,4250,VA,*,T,단조롭,*,*,*,*
단촐하,1804,3571,4035,VA,*,F,단촐하,*,*,*,*
단출하,1804,3571,4035,VA,*,F,단출하,*,*,*,*
달,1804,3572,5860,VA,*,T,달,*,*,*,*
달갑,1804,3572,4048,VA,*,T,달갑,*,*,*,*
달갑잖,1804,3572,3990,VA,*,T,달갑잖,*,*,*,*
달관스럽,1804,3572,4035,VA,*,T,달관스럽,*,*,*,*
달디달,1804,3572,4035,VA,*,T,달디달,*,*,*,*
달르,1804,3571,4032,VA,*,F,달르,*,*,*,*
달큰하,1804,3571,4035,VA,*,F,달큰하,*,*,*,*
닮,1804,3572,5066,VA,*,T,닮,*,*,*,*
닳아빠지,1804,3571,4035,VA,*,F,닳아빠지,*,*,*,*
담차,1804,3571,4035,VA,*,F,담차,*,*,*,*
답,1804,3572,5784,VA,*,T,답,*,*,*,*
답답스럽,1804,3572,4035,VA,*,T,답답스럽,*,*,*,*
당당,1804,3572,3895,VA,*,T,당당,*,*,*,*
당차,1804,3571,4015,VA,*,F,당차,*,*,*,*
당찮,1804,3572,4035,VA,*,T,당찮,*,*,*,*
당치않,1804,3572,4262,VA,*,T,당치않,*,*,*,*
당하,1804,3571,4642,VA,*,F,당하,*,*,*,*
당혹스럽,1804,3572,4035,VA,*,T,당혹스럽,*,*,*,*
당황스럽,1804,3572,4586,VA,*,T,당황스럽,*,*,*,*
대간허,1804,3571,4035,VA,*,F,대간허,*,*,*,*
대견스럽,1804,3572,4035,VA,*,T,대견스럽,*,*,*,*
대단스럽,1804,3572,4035,VA,*,T,대단스럽,*,*,*,*
대단찮,1804,3572,4035,VA,*,T,대단찮,*,*,*,*
대담스럽,1804,3572,4035,VA,*,T,대담스럽,*,*,*,*
대범스럽,1804,3572,4035,VA,*,T,대범스럽,*,*,*,*
대수롭,1804,3572,4035,VA,*,T,대수롭,*,*,*,*
대수롭잖,1804,3572,4035,VA,*,T,대수롭잖,*,*,*,*
대중없,1804,3572,4035,VA,*,T,대중없,*,*,*,*
대차,1804,3571,3864,VA,*,F,대차,*,*,*,*
대퉁스럽,1804,3572,4035,VA,*,T,대퉁스럽,*,*,*,*
댕그랗,1804,3572,4035,VA,*,T,댕그랗,*,*,*,*
댕그렇,1804,3572,4035,VA,*,T,댕그렇,*,*,*,*
더디,1804,3571,3118,VA,*,F,더디,*,*,*,*
더럽,1804,3572,4037,VA,*,T,더럽,*,*,*,*
더리,1804,3571,4036,VA,*,F,더리,*,*,*,*
더리적,1804,3572,4035,VA,*,T,더리적,*,*,*,*
더없,1804,3572,4185,VA,*,T,더없,*,*,*,*
더웁,1804,3572,4035,VA,*,T,더웁,*,*,*,*
더하,1804,3571,4603,VA,*,F,더하,*,*,*,*
덕성스럽,1804,3572,4035,VA,*,T,덕성스럽,*,*,*,*
던적스럽,1804,3572,4035,VA,*,T,던적스럽,*,*,*,*
던지럽,1804,3572,4035,VA,*,T,던지럽,*,*,*,*
덜되,1804,3571,4035,VA,*,F,덜되,*,*,*,*
덜떨어지,1804,3571,4035,VA,*,F,덜떨어지,*,*,*,*
덜큰하,1804,3571,4035,VA,*,F,덜큰하,*,*,*,*
덜퍽지,1804,3571,4035,VA,*,F,덜퍽지,*,*,*,*
덜하,1804,3571,3263,VA,*,F,덜하,*,*,*,*
덥,1804,3572,3830,VA,*,T,덥,*,*,*,*
덥디덥,1804,3572,4035,VA,*,T,덥디덥,*,*,*,*
덧없,1804,3572,4036,VA,*,T,덧없,*,*,*,*
덩그라하,1804,3571,4035,VA,*,F,덩그라하,*,*,*,*
덩그랗,1804,3572,4035,VA,*,T,덩그랗,*,*,*,*
덩그렇,1804,3572,4035,VA,*,T,덩그렇,*,*,*,*
덩그맣,1804,3572,4035,VA,*,T,덩그맣,*,*,*,*
덩덩그렇,1804,3572,4035,VA,*,T,덩덩그렇,*,*,*,*
덩스럽,1804,3572,4035,VA,*,T,덩스럽,*,*,*,*
덩이지,1804,3571,4035,VA,*,F,덩이지,*,*,*,*
데면스럽,1804,3572,4035,VA,*,T,데면스럽,*,*,*,*
데설궂,1804,3572,4035,VA,*,T,데설궂,*,*,*,*
데퉁맞,1804,3572,4035,VA,*,T,데퉁맞,*,*,*,*
데퉁스럽,1804,3572,4035,VA,*,T,데퉁스럽,*,*,*,*
덴덕스럽,1804,3572,4035,VA,*,T,덴덕스럽,*,*,*,*
뎅그랗,1804,3572,4035,VA,*,T,뎅그랗,*,*,*,*
뎅그렇,1804,3572,4035,VA,*,T,뎅그렇,*,*,*,*
도담스럽,1804,3572,4035,VA,*,T,도담스럽,*,*,*,*
도드라지,1804,3571,4035,VA,*,F,도드라지,*,*,*,*
도지,1804,3571,5238,VA,*,F,도지,*,*,*,*
도탑,1804,3572,4034,VA,*,T,도탑,*,*,*,*
독별나,1804,3571,4035,VA,*,F,독별나,*,*,*,*
독살맞,1804,3572,4035,VA,*,T,독살맞,*,*,*,*
독살스럽,1804,3572,4035,VA,*,T,독살스럽,*,*,*,*
독살지,1804,3571,4035,VA,*,F,독살지,*,*,*,*
독하,1804,3571,3809,VA,*,F,독하,*,*,*,*
독허,1804,3571,4035,VA,*,F,독허,*,*,*,*
돈독스럽,1804,3572,4035,VA,*,T,돈독스럽,*,*,*,*
돈바르,1804,3571,4035,VA,*,F,돈바르,*,*,*,*
돌변스럽,1804,3572,4035,VA,*,T,돌변스럽,*,*,*,*
동곳하,1804,3571,4035,VA,*,F,동곳하,*,*,*,*
동그랗,1804,3572,4034,VA,*,T,동그랗,*,*,*,*
동그렇,1804,3572,4035,VA,*,T,동그렇,*,*,*,*
동그맣,1804,3572,4035,VA,*,T,동그맣,*,*,*,*
동글,1804,3572,4035,VA,*,T,동글,*,*,*,*
동떨어지,1804,3571,4035,VA,*,F,동떨어지,*,*,*,*
동뜨,1804,3571,4035,VA,*,F,동뜨,*,*,*,*
되,1804,3571,6744,VA,*,F,되,*,*,*,*
되다랗,1804,3572,4035,VA,*,T,되다랗,*,*,*,*
되디되,1804,3571,4035,VA,*,F,되디되,*,*,*,*
되먹,1804,3572,4035,VA,*,T,되먹,*,*,*,*
되바라지,1804,3571,3789,VA,*,F,되바라지,*,*,*,*
되알지,1804,3571,4035,VA,*,F,되알지,*,*,*,*
되양스럽,1804,3572,4035,VA,*,T,되양스럽,*,*,*,*
되잖,1804,3572,4037,VA,*,T,되잖,*,*,*,*
되지못하,1804,3571,4038,VA,*,F,되지못하,*,*,*,*
되통스럽,1804,3572,4035,VA,*,T,되통스럽,*,*,*,*
될성부르,1804,3571,4035,VA,*,F,될성부르,*,*,*,*
둏,1804,3572,4035,VA,*,T,둏,*,*,*,*
두껍,1804,3572,3155,VA,*,T,두껍,*,*,*,*
두껍디두껍,1804,3572,4035,VA,*,T,두껍디두껍,*,*,*,*
두동지,1804,3571,4035,VA,*,F,두동지,*,*,*,*
두드러지,1804,3571,3851,VA,*,F,두드러지,*,*,*,*
두렵,1804,3572,3526,VA,*,T,두렵,*,*,*,*
두서없,1804,3572,4035,VA,*,T,두서없,*,*,*,*
두텁,1804,3572,3980,VA,*,T,두텁,*,*,*,*
둔덕지,1804,3571,4035,VA,*,F,둔덕지,*,*,*,*
둔스럽,1804,3572,4035,VA,*,T,둔스럽,*,*,*,*
둔탁스럽,1804,3572,4035,VA,*,T,둔탁스럽,*,*,*,*
둔하,1804,3571,4079,VA,*,F,둔하,*,*,*,*
둥굴,1804,3572,4124,VA,*,T,둥굴,*,*,*,*
둥그랗,1804,3572,4035,VA,*,T,둥그랗,*,*,*,*
둥그렇,1804,3572,3816,VA,*,T,둥그렇,*,*,*,*
둥글,1804,3572,3216,VA,*,T,둥글,*,*,*,*
뒤늦,1804,3572,3122,VA,*,T,뒤늦,*,*,*,*
뒤숭숭스럽,1804,3572,4035,VA,*,T,뒤숭숭스럽,*,*,*,*
뒤어나,1804,3571,4035,VA,*,F,뒤어나,*,*,*,*
뒤퉁스럽,1804,3572,4035,VA,*,T,뒤퉁스럽,*,*,*,*
드넓,1804,3572,3987,VA,*,T,드넓,*,*,*,*
드높,1804,3572,4039,VA,*,T,드높,*,*,*,*
드럽,1804,3572,4127,VA,*,T,드럽,*,*,*,*
드리없,1804,3572,4035,VA,*,T,드리없,*,*,*,*
드맑,1804,3572,4035,VA,*,T,드맑,*,*,*,*
드물,1804,3572,2759,VA,*,T,드물,*,*,*,*
드밝,1804,3572,4035,VA,*,T,드밝,*,*,*,*
드세,1804,3571,4059,VA,*,F,드세,*,*,*,*
득달같,1804,3572,4035,VA,*,T,득달같,*,*,*,*
듣,1804,3572,5702,VA,*,T,듣,*,*,*,*
듣그럽,1804,3572,4035,VA,*,T,듣그럽,*,*,*,*
듣드르,1804,3571,4035,VA,*,F,듣드르,*,*,*,*
들,1804,3572,8169,VA,*,T,들,*,*,*,*
들큰하,1804,3571,4035,VA,*,F,들큰하,*,*,*,*
듯하,1804,3571,4528,VA,*,F,듯하,*,*,*,*
따갑,1804,3572,4015,VA,*,T,따갑,*,*,*,*
따르,1804,3571,5286,VA,*,F,따르,*,*,*,*
따사롭,1804,3572,4035,VA,*,T,따사롭,*,*,*,*
따숩,1804,3572,4035,VA,*,T,따숩,*,*,*,*
따스,1804,3571,4087,VA,*,F,따스,*,*,*,*
따습,1804,3572,4034,VA,*,T,따습,*,*,*,*
따시,1804,3571,4035,VA,*,F,따시,*,*,*,*
딱부러지,1804,3571,4035,VA,*,F,딱부러지,*,*,*,*
딱하,1804,3571,4778,VA,*,F,딱하,*,*,*,*
땅땅하,1804,3571,4035,VA,*,F,땅땅하,*,*,*,*
때늦,1804,3572,4035,VA,*,T,때늦,*,*,*,*
때맞,1804,3572,4035,VA,*,T,때맞,*,*,*,*
땡그랗,1804,3572,4035,VA,*,T,땡그랗,*,*,*,*
땡그렇,1804,3572,4035,VA,*,T,땡그렇,*,*,*,*
떫,1804,3572,3594,VA,*,T,떫,*,*,*,*
떫디떫,1804,3572,4035,VA,*,T,떫디떫,*,*,*,*
또라지,1804,3571,4035,VA,*,F,또라지,*,*,*,*
똑같,1804,3572,2905,VA,*,T,똑같,*,*,*,*
똑바르,1804,3571,4035,VA,*,F,똑바르,*,*,*,*
똑부러지,1804,3571,4035,VA,*,F,똑부러지,*,*,*,*
똘똘하,1804,3571,4035,VA,*,F,똘똘하,*,*,*,*
똥그랗,1804,3572,4035,VA,*,T,똥그랗,*,*,*,*
뚜껍,1804,3572,4035,VA,*,T,뚜껍,*,*,*,*
뚝별나,1804,3571,4035,VA,*,F,뚝별나,*,*,*,*
뚝별스럽,1804,3572,4035,VA,*,T,뚝별스럽,*,*,*,*
뚱그렇,1804,3572,4035,VA,*,T,뚱그렇,*,*,*,*
뚱딴지같,1804,3572,4170,VA,*,T,뚱딴지같,*,*,*,*
뚱하,1804,3571,4084,VA,*,F,뚱하,*,*,*,*
뛰어나,1804,3571,3845,VA,*,F,뛰어나,*,*,*,*
뜨,1804,3571,5150,VA,*,F,뜨,*,*,*,*
뜨겁,1804,3572,4033,VA,*,T,뜨겁,*,*,*,*
뜨겁디뜨겁,1804,3572,4035,VA,*,T,뜨겁디뜨겁,*,*,*,*
뜨근하,1804,3571,4035,VA,*,F,뜨근하,*,*,*,*
뜨습,1804,3572,4035,VA,*,T,뜨습,*,*,*,*
뜨시,1804,3571,4035,VA,*,F,뜨시,*,*,*,*
뜨아하,1804,3571,4035,VA,*,F,뜨아하,*,*,*,*
뜬금없,1804,3572,4035,VA,*,T,뜬금없,*,*,*,*
뜸하,1804,3571,4225,VA,*,F,뜸하,*,*,*,*
뜹뜨름하,1804,3571,4035,VA,*,F,뜹뜨름하,*,*,*,*
뜻깊,1804,3572,4035,VA,*,T,뜻깊,*,*,*,*
뜻있,1804,3572,3343,VA,*,T,뜻있,*,*,*,*
띵하,1804,3571,4035,VA,*,F,띵하,*,*,*,*
로맨틱하,1804,3571,4188,VA,*,F,로맨틱하,*,*,*,*
리드미컬하,1804,3571,4035,VA,*,F,리드미컬하,*,*,*,*
마,1804,3571,6838,VA,*,F,마,*,*,*,*
마디,1804,3571,4952,VA,*,F,마디,*,*,*,*
마땅스럽,1804,3572,4035,VA,*,T,마땅스럽,*,*,*,*
마땅찮,1804,3572,4035,VA,*,T,마땅찮,*,*,*,*
마뜩,1804,3572,4035,VA,*,T,마뜩,*,*,*,*
마뜩찮,1804,3572,4035,VA,*,T,마뜩찮,*,*,*,*
마렵,1804,3572,4035,VA,*,T,마렵,*,*,*,*
마르,1804,3571,5214,VA,*,F,마르,*,*,*,*
마지못하,1804,3571,4035,VA,*,F,마지못하,*,*,*,*
마침맞,1804,3572,4035,VA,*,T,마침맞,*,*,*,*
막다르,1804,3571,4035,VA,*,F,막다르,*,*,*,*
막돼먹,1804,3572,4035,VA,*,T,막돼먹,*,*,*,*
막되,1804,3571,4039,VA,*,F,막되,*,*,*,*
만,1804,3572,6721,VA,*,T,만,*,*,*,*
만나,1804,3571,4014,VA,*,F,만나,*,*,*,*
만만(하),1804,3570,4035,VA,*,*,만만(하),*,*,*,*
만만찮,1804,3572,3843,VA,*,T,만만찮,*,*,*,*
만무하,1804,3571,4215,VA,*,F,만무하,*,*,*,*
만족스럽,1804,3572,4392,VA,*,T,만족스럽,*,*,*,*
많,1804,3572,3784,VA,*,T,많,*,*,*,*
많고많,1804,3572,5081,VA,*,T,많고많,*,*,*,*
말강스럽,1804,3572,4035,VA,*,T,말강스럽,*,*,*,*
말갛,1804,3572,4035,VA,*,T,말갛,*,*,*,*
말쌀스럽,1804,3572,4035,VA,*,T,말쌀스럽,*,*,*,*
말썽스럽,1804,3572,4035,VA,*,T,말썽스럽,*,*,*,*
맑,1804,3572,2857,VA,*,T,맑,*,*,*,*
맑디맑,1804,3572,4035,VA,*,T,맑디맑,*,*,*,*
맛깔지,1804,3571,4035,VA,*,F,맛깔지,*,*,*,*
맛나,1804,3571,3497,VA,*,F,맛나,*,*,*,*
맛없,1804,3572,4035,VA,*,T,맛없,*,*,*,*
맛있,1804,3572,1716,VA,*,T,맛있,*,*,*,*
망연스럽,1804,3572,4035,VA,*,T,망연스럽,*,*,*,*
망측스럽,1804,3572,4035,VA,*,T,망측스럽,*,*,*,*
망칙스럽,1804,3572,4035,VA,*,T,망칙스럽,*,*,*,*
망하,1804,3571,4198,VA,*,F,망하,*,*,*,*
맞,1804,3572,7146,VA,*,T,맞,*,*,*,*
매끄럽,1804,3572,4035,VA,*,T,매끄럽,*,*,*,*
매마르,1804,3571,4035,VA,*,F,매마르,*,*,*,*
매몰스럽,1804,3572,4035,VA,*,T,매몰스럽,*,*,*,*
매몰차,1804,3571,4035,VA,*,F,매몰차,*,*,*,*
매섭,1804,3572,4033,VA,*,T,매섭,*,*,*,*
매스껍,1804,3572,4035,VA,*,T,매스껍,*,*,*,*
매욱스럽,1804,3572,4035,VA,*,T,매욱스럽,*,*,*,*
매웁,1804,3572,4035,VA,*,T,매웁,*,*,*,*
매정스럽,1804,3572,4035,VA,*,T,매정스럽,*,*,*,*
맥없,1804,3572,4039,VA,*,T,맥없,*,*,*,*
맵,1804,3572,4508,VA,*,T,맵,*,*,*,*
맵디맵,1804,3572,4035,VA,*,T,맵디맵,*,*,*,*
맵살스럽,1804,3572,4035,VA,*,T,맵살스럽,*,*,*,*
맵싸하,1804,3571,4280,VA,*,F,맵싸하,*,*,*,*
맵짜,1804,3571,4035,VA,*,F,맵짜,*,*,*,*
맵차,1804,3571,4035,VA,*,F,맵차,*,*,*,*
맹랑스럽,1804,3572,4035,VA,*,T,맹랑스럽,*,*,*,*
맹숭맹숭하,1804,3571,4035,VA,*,F,맹숭맹숭하,*,*,*,*
맹하,1804,3571,4035,VA,*,F,맹하,*,*,*,*
머,1804,3571,6541,VA,*,F,머,*,*,*,*
머나멀,1804,3572,4035,VA,*,T,머나멀,*,*,*,*
머르레하,1804,3571,4035,VA,*,F,머르레하,*,*,*,*
머얼,1804,3572,4035,VA,*,T,머얼,*,*,*,*
머얼겋,1804,3572,4035,VA,*,T,머얼겋,*,*,*,*
머엉하,1804,3571,4278,VA,*,F,머엉하,*,*,*,*
머지않,1804,3572,3000,VA,*,T,머지않,*,*,*,*
먹먹하,1804,3571,4035,VA,*,F,먹먹하,*,*,*,*
먹음직스럽,1804,3572,4035,VA,*,T,먹음직스럽,*,*,*,*
멀,1804,3572,3324,VA,*,T,멀,*,*,*,*
멀겋,1804,3572,4051,VA,*,T,멀겋,*,*,*,*
멀고멀,1804,3572,4035,VA,*,T,멀고멀,*,*,*,*
멀다랗,1804,3572,4035,VA,*,T,멀다랗,*,*,*,*
멋들어지,1804,3571,4035,VA,*,F,멋들어지,*,*,*,*
멋없,1804,3572,4035,VA,*,T,멋없,*,*,*,*
멋있,1804,3572,3061,VA,*,T,멋있,*,*,*,*
멋적,1804,3572,4035,VA,*,T,멋적,*,*,*,*
멋지,1804,3571,3332,VA,*,F,멋지,*,*,*,*
멋쩍,1804,3572,4035,VA,*,T,멋쩍,*,*,*,*
멍청스럽,1804,3572,4035,VA,*,T,멍청스럽,*,*,*,*
멍하,1804,3571,5358,VA,*,F,멍하,*,*,*,*
메떨어지,1804,3571,4035,VA,*,F,메떨어지,*,*,*,*
메뜨,1804,3571,4035,VA,*,F,메뜨,*,*,*,*
메마르,1804,3571,4035,VA,*,F,메마르,*,*,*,*
메숲지,1804,3571,4035,VA,*,F,메숲지,*,*,*,*
메스껍,1804,3572,4035,VA,*,T,메스껍,*,*,*,*
메지,1804,3571,4035,VA,*,F,메지,*,*,*,*
면괴스럽,1804,3572,4035,VA,*,T,면괴스럽,*,*,*,*
면구스럽,1804,3572,4035,VA,*,T,면구스럽,*,*,*,*
면구쩍,1804,3572,4035,VA,*,T,면구쩍,*,*,*,*
명랑스럽,1804,3572,4035,VA,*,T,명랑스럽,*,*,*,*
모나,1804,3571,4281,VA,*,F,모나,*,*,*,*
모르,1804,3571,5433,VA,*,F,모르,*,*,*,*
모멸스럽,1804,3572,4035,VA,*,T,모멸스럽,*,*,*,*
모자라,1804,3571,4209,VA,*,F,모자라,*,*,*,*
모자르,1804,3571,4426,VA,*,F,모자르,*,*,*,*
모잘르,1804,3571,4035,VA,*,F,모잘르,*,*,*,*
모지,1804,3571,4133,VA,*,F,모지,*,*,*,*
모지락스럽,1804,3572,4035,VA,*,T,모지락스럽,*,*,*,*
모지락시럽,1804,3572,4035,VA,*,T,모지락시럽,*,*,*,*
모질,1804,3572,3704,VA,*,T,모질,*,*,*,*
모험스럽,1804,3572,4035,VA,*,T,모험스럽,*,*,*,*
목마르,1804,3571,4035,VA,*,F,목마르,*,*,*,*
목석같,1804,3572,4035,VA,*,T,목석같,*,*,*,*
몬나,1804,3571,4035,VA,*,F,몬나,*,*,*,*
몬생기,1804,3571,4035,VA,*,F,몬생기,*,*,*,*
몰강스럽,1804,3572,4035,VA,*,T,몰강스럽,*,*,*,*
몰골스럽,1804,3572,4035,VA,*,T,몰골스럽,*,*,*,*
몰상스럽,1804,3572,4035,VA,*,T,몰상스럽,*,*,*,*
몰풍경스럽,1804,3572,4035,VA,*,T,몰풍경스럽,*,*,*,*
몰풍스럽,1804,3572,4035,VA,*,T,몰풍스럽,*,*,*,*
못나,1804,3571,3629,VA,*,F,못나,*,*,*,*
못되,1804,3571,4908,VA,*,F,못되,*,*,*,*
못마땅스럽,1804,3572,4035,VA,*,T,못마땅스럽,*,*,*,*
못미덥,1804,3572,4035,VA,*,T,못미덥,*,*,*,*
못생기,1804,3571,3149,VA,*,F,못생기,*,*,*,*
못잖,1804,3572,4035,VA,*,T,못잖,*,*,*,*
못지않,1804,3572,3384,VA,*,T,못지않,*,*,*,*
못하,1804,3571,4250,VA,*,F,못하,*,*,*,*
몽글,1804,3572,4035,VA,*,T,몽글,*,*,*,*
몽총하,1804,3571,4035,VA,*,F,몽총하,*,*,*,*
묘하,1804,3571,3873,VA,*,F,묘하,*,*,*,*
묘허,1804,3571,4035,VA,*,F,묘허,*,*,*,*
무겁,1804,3572,4051,VA,*,T,무겁,*,*,*,*
무겁디무겁,1804,3572,4035,VA,*,T,무겁디무겁,*,*,*,*
무난스럽,1804,3572,4035,VA,*,T,무난스럽,*,*,*,*
무덥,1804,3572,4073,VA,*,T,무덥,*,*,*,*
무데,1804,3571,4074,VA,*,F,무데,*,*,*,*
무디,1804,3571,4037,VA,*,F,무디,*,*,*,*
무뚝하,1804,3571,4035,VA,*,F,무뚝하,*,*,*,*
무람없,1804,3572,4035,VA,*,T,무람없,*,*,*,*
무르,1804,3571,3945,VA,*,F,무르,*,*,*,*
무미스럽,1804,3572,4035,VA,*,T,무미스럽,*,*,*,*
무섭,1804,3572,3050,VA,*,T,무섭,*,*,*,*
무시,1804,3571,3756,VA,*,F,무시,*,*,*,*
무심스럽,1804,3572,4035,VA,*,T,무심스럽,*,*,*,*
무십,1804,3572,4047,VA,*,T,무십,*,*,*,*
무안스럽,1804,3572,4035,VA,*,T,무안스럽,*,*,*,*
무안쩍,1804,3572,4035,VA,*,T,무안쩍,*,*,*,*
무엄스럽,1804,3572,4035,VA,*,T,무엄스럽,*,*,*,*
무엇하,1804,3571,4172,VA,*,F,무엇하,*,*,*,*
무연스럽,1804,3572,4035,VA,*,T,무연스럽,*,*,*,*
무작스럽,1804,3572,4035,VA,*,T,무작스럽,*,*,*,*
무정스럽,1804,3572,4035,VA,*,T,무정스럽,*,*,*,*
무지막스럽,1804,3572,4035,VA,*,T,무지막스럽,*,*,*,*
무지하,1804,3571,3050,VA,*,F,무지하,*,*,*,*
무참스럽,1804,3572,4035,VA,*,T,무참스럽,*,*,*,*
무추룸하,1804,3571,4035,VA,*,F,무추룸하,*,*,*,*
무하,1804,3571,4478,VA,*,F,무하,*,*,*,*
묶,1804,3572,5313,VA,*,T,묶,*,*,*,*
문제없,1804,3572,3013,VA,*,T,문제없,*,*,*,*
물렁하,1804,3571,4035,VA,*,F,물렁하,*,*,*,*
물르,1804,3571,4035,VA,*,F,물르,*,*,*,*
물리,1804,3571,3658,VA,*,F,물리,*,*,*,*
물매지,1804,3571,4035,VA,*,F,물매지,*,*,*,*
물샐틈없,1804,3572,4035,VA,*,T,물샐틈없,*,*,*,*
물설,1804,3572,4012,VA,*,T,물설,*,*,*,*
물씬하,1804,3571,4051,VA,*,F,물씬하,*,*,*,*
물풍스럽,1804,3572,4035,VA,*,T,물풍스럽,*,*,*,*
묽,1804,3572,4035,VA,*,T,묽,*,*,*,*
묽디묽,1804,3572,4035,VA,*,T,묽디묽,*,*,*,*
뭉텅하,1804,3571,4035,VA,*,F,뭉텅하,*,*,*,*
뭉툭뭉툭하,1804,3571,4035,VA,*,F,뭉툭뭉툭하,*,*,*,*
뭉툭하,1804,3571,4035,VA,*,F,뭉툭하,*,*,*,*
뭣하,1804,3571,4255,VA,*,F,뭣하,*,*,*,*
미끄럽,1804,3572,4035,VA,*,T,미끄럽,*,*,*,*
미덥,1804,3572,4035,VA,*,T,미덥,*,*,*,*
미련맞,1804,3572,4035,VA,*,T,미련맞,*,*,*,*
미쁘,1804,3571,4035,VA,*,F,미쁘,*,*,*,*
미심스럽,1804,3572,4035,VA,*,T,미심스럽,*,*,*,*
미심쩍,1804,3572,4022,VA,*,T,미심쩍,*,*,*,*
미씸쩍,1804,3572,4035,VA,*,T,미씸쩍,*,*,*,*
미안스럽,1804,3572,4035,VA,*,T,미안스럽,*,*,*,*
미안쩍,1804,3572,4035,VA,*,T,미안쩍,*,*,*,*
미욱스럽,1804,3572,4035,VA,*,T,미욱스럽,*,*,*,*
미웁,1804,3572,4035,VA,*,T,미웁,*,*,*,*
미츨하,1804,3571,4035,VA,*,F,미츨하,*,*,*,*
미치,1804,3571,4827,VA,*,F,미치,*,*,*,*
미혹스럽,1804,3572,4035,VA,*,T,미혹스럽,*,*,*,*
민망스럽,1804,3572,4035,VA,*,T,민망스럽,*,*,*,*
민하,1804,3571,4164,VA,*,F,민하,*,*,*,*
믿,1804,3572,5827,VA,*,T,믿,*,*,*,*
믿음성스럽,1804,3572,4035,VA,*,T,믿음성스럽,*,*,*,*
믿음직스럽,1804,3572,4035,VA,*,T,믿음직스럽,*,*,*,*
밉,1804,3572,4036,VA,*,T,밉,*,*,*,*
밉광스럽,1804,3572,4035,VA,*,T,밉광스럽,*,*,*,*
밉둥스럽,1804,3572,4035,VA,*,T,밉둥스럽,*,*,*,*
밉디밉,1804,3572,4035,VA,*,T,밉디밉,*,*,*,*
밉살맞,1804,3572,4035,VA,*,T,밉살맞,*,*,*,*
밉살머리스럽,1804,3572,4035,VA,*,T,밉살머리스럽,*,*,*,*
밉살스럽,1804,3572,4035,VA,*,T,밉살스럽,*,*,*,*
밉상스럽,1804,3572,4035,VA,*,T,밉상스럽,*,*,*,*
밉쌀스럽,1804,3572,4035,VA,*,T,밉쌀스럽,*,*,*,*
바르,1804,3571,4139,VA,*,F,바르,*,*,*,*
바뿌,1804,3571,4035,VA,*,F,바뿌,*,*,*,*
바쁘,1804,3571,2695,VA,*,F,바쁘,*,*,*,*
바자위,1804,3571,4035,VA,*,F,바자위,*,*,*,*
바지런스럽,1804,3572,4035,VA,*,T,바지런스럽,*,*,*,*
바트,1804,3571,4036,VA,*,F,바트,*,*,*,*
박정스럽,1804,3572,4035,VA,*,T,박정스럽,*,*,*,*
박하,1804,3571,4086,VA,*,F,박하,*,*,*,*
반감,1804,3572,3999,VA,*,T,반감,*,*,*,*
반갑,1804,3572,2939,VA,*,T,반갑,*,*,*,*
반드럽,1804,3572,4035,VA,*,T,반드럽,*,*,*,*
반지랍,1804,3572,4035,VA,*,T,반지랍,*,*,*,*
반편스럽,1804,3572,4035,VA,*,T,반편스럽,*,*,*,*
반하,1804,3571,4153,VA,*,F,반하,*,*,*,*
받,1804,3572,6191,VA,*,T,받,*,*,*,*
발갛,1804,3572,4035,VA,*,T,발갛,*,*,*,*
발악스럽,1804,3572,4035,VA,*,T,발악스럽,*,*,*,*
발칙스럽,1804,3572,4035,VA,*,T,발칙스럽,*,*,*,*
밝,1804,3572,3260,VA,*,T,밝,*,*,*,*
밤늦,1804,3572,5052,VA,*,T,밤늦,*,*,*,*
방자스럽,1804,3572,4035,VA,*,T,방자스럽,*,*,*,*
방정맞,1804,3572,4035,VA,*,T,방정맞,*,*,*,*
방정스럽,1804,3572,4035,VA,*,T,방정스럽,*,*,*,*
밭,1804,3572,4452,VA,*,T,밭,*,*,*,*
배,1804,3571,6173,VA,*,F,배,*,*,*,*
배고프,1804,3571,3932,VA,*,F,배고프,*,*,*,*
배다르,1804,3571,4035,VA,*,F,배다르,*,*,*,*
배뚤,1804,3572,4035,VA,*,T,배뚤,*,*,*,*
배리,1804,3571,4035,VA,*,F,배리,*,*,*,*
배부르,1804,3571,3629,VA,*,F,배부르,*,*,*,*
배불르,1804,3571,4035,VA,*,F,배불르,*,*,*,*
밸라,1804,3571,4035,VA,*,F,밸라,*,*,*,*
뱅충맞,1804,3572,4035,VA,*,T,뱅충맞,*,*,*,*
버겁,1804,3572,4035,VA,*,T,버겁,*,*,*,*
버릇없,1804,3572,3847,VA,*,T,버릇없,*,*,*,*
버성기,1804,3571,4035,VA,*,F,버성기,*,*,*,*
버얼겋,1804,3572,4035,VA,*,T,버얼겋,*,*,*,*
벅차,1804,3571,3649,VA,*,F,벅차,*,*,*,*
번거럽,1804,3572,4035,VA,*,T,번거럽,*,*,*,*
번거롭,1804,3572,3338,VA,*,T,번거롭,*,*,*,*
번다스럽,1804,3572,4035,VA,*,T,번다스럽,*,*,*,*
번드럽,1804,3572,4035,VA,*,T,번드럽,*,*,*,*
번잡스럽,1804,3572,4035,VA,*,T,번잡스럽,*,*,*,*
번지럽,1804,3572,4035,VA,*,T,번지럽,*,*,*,*
번질나,1804,3571,4035,VA,*,F,번질나,*,*,*,*
번하,1804,3571,4085,VA,*,F,번하,*,*,*,*
번화롭,1804,3572,4035,VA,*,T,번화롭,*,*,*,*
번화스럽,1804,3572,4035,VA,*,T,번화스럽,*,*,*,*
벌겋,1804,3572,4034,VA,*,T,벌겋,*,*,*,*
범상스럽,1804,3572,4035,VA,*,T,범상스럽,*,*,*,*
범연스럽,1804,3572,4035,VA,*,T,범연스럽,*,*,*,*
변괴스럽,1804,3572,4035,VA,*,T,변괴스럽,*,*,*,*
변덕맞,1804,3572,4035,VA,*,T,변덕맞,*,*,*,*
변변찮,1804,3572,4035,VA,*,T,변변찮,*,*,*,*
변사스럽,1804,3572,4035,VA,*,T,변사스럽,*,*,*,*
변스럽,1804,3572,4035,VA,*,T,변스럽,*,*,*,*
변하,1804,3571,4712,VA,*,F,변하,*,*,*,*
변함없,1804,3572,3920,VA,*,T,변함없,*,*,*,*
별나,1804,3571,4040,VA,*,F,별나,*,*,*,*
별다르,1804,3571,4035,VA,*,F,별다르,*,*,*,*
별미쩍,1804,3572,4035,VA,*,T,별미쩍,*,*,*,*
별스럽,1804,3572,4035,VA,*,T,별스럽,*,*,*,*
별시럽,1804,3572,4035,VA,*,T,별시럽,*,*,*,*
별쭝나,1804,3571,4035,VA,*,F,별쭝나,*,*,*,*
별쭝맞,1804,3572,4035,VA,*,T,별쭝맞,*,*,*,*
별쭝스럽,1804,3572,4035,VA,*,T,별쭝스럽,*,*,*,*
별하,1804,3571,4059,VA,*,F,별하,*,*,*,*
볕바르,1804,3571,4035,VA,*,F,볕바르,*,*,*,*
보,1804,3571,7429,VA,*,F,보,*,*,*,*
보기좋,1804,3572,4444,VA,*,T,보기좋,*,*,*,*
보드랍,1804,3572,4035,VA,*,T,보드랍,*,*,*,*
보람차,1804,3571,4035,VA,*,F,보람차,*,*,*,*
보얗,1804,3572,4035,VA,*,T,보얗,*,*,*,*
보오얗,1804,3572,4035,VA,*,T,보오얗,*,*,*,*
보잘것없,1804,3572,4759,VA,*,T,보잘것없,*,*,*,*
복되,1804,3571,4114,VA,*,F,복되,*,*,*,*
복성스럽,1804,3572,4251,VA,*,T,복성스럽,*,*,*,*
복잡스럽,1804,3572,4035,VA,*,T,복잡스럽,*,*,*,*
본데없,1804,3572,3450,VA,*,T,본데없,*,*,*,*
볼록하,1804,3571,4035,VA,*,F,볼록하,*,*,*,*
볼메,1804,3571,4035,VA,*,F,볼메,*,*,*,*
볼성사납,1804,3572,4035,VA,*,T,볼성사납,*,*,*,*
볼썽사납,1804,3572,4035,VA,*,T,볼썽사납,*,*,*,*
볼통스럽,1804,3572,4035,VA,*,T,볼통스럽,*,*,*,*
볼품없,1804,3572,4035,VA,*,T,볼품없,*,*,*,*
부귀스럽,1804,3572,4035,VA,*,T,부귀스럽,*,*,*,*
부끄럼성스럽,1804,3572,4035,VA,*,T,부끄럼성스럽,*,*,*,*
부끄럽,1804,3572,3173,VA,*,T,부끄럽,*,*,*,*
부드럽,1804,3572,3941,VA,*,T,부드럽,*,*,*,*
부득이하,1804,3571,4083,VA,*,F,부득이하,*,*,*,*
부럽,1804,3572,4036,VA,*,T,부럽,*,*,*,*
부르,1804,3571,5691,VA,*,F,부르,*,*,*,*
부산스럽,1804,3572,4035,VA,*,T,부산스럽,*,*,*,*
부시,1804,3571,4274,VA,*,F,부시,*,*,*,*
부여,1804,3571,3452,VA,*,F,부여,*,*,*,*
부옇,1804,3572,3609,VA,*,T,부옇,*,*,*,*
부우옇,1804,3572,4035,VA,*,T,부우옇,*,*,*,*
부자연스럽,1804,3572,4035,VA,*,T,부자연스럽,*,*,*,*
부자유스럽,1804,3572,4035,VA,*,T,부자유스럽,*,*,*,*
부잡스럽,1804,3572,4035,VA,*,T,부잡스럽,*,*,*,*
부족하,1804,3571,4637,VA,*,F,부족하,*,*,*,*
부지런스럽,1804,3572,4035,VA,*,T,부지런스럽,*,*,*,*
부질없,1804,3572,4035,VA,*,T,부질없,*,*,*,*
분별없,1804,3572,4035,VA,*,T,분별없,*,*,*,*
분잡스럽,1804,3572,4035,VA,*,T,분잡스럽,*,*,*,*
분주스럽,1804,3572,4035,VA,*,T,분주스럽,*,*,*,*
분하,1804,3571,4260,VA,*,F,분하,*,*,*,*
불경스럽,1804,3572,4035,VA,*,T,불경스럽,*,*,*,*
불공스럽,1804,3572,4035,VA,*,T,불공스럽,*,*,*,*
불그레하,1804,3571,4035,VA,*,F,불그레하,*,*,*,*
불량스럽,1804,3572,4035,VA,*,T,불량스럽,*,*,*,*
불만스럽,1804,3572,4087,VA,*,T,불만스럽,*,*,*,*
불만족스럽,1804,3572,4035,VA,*,T,불만족스럽,*,*,*,*
불명예스럽,1804,3572,4035,VA,*,T,불명예스럽,*,*,*,*
불미스럽,1804,3572,4035,VA,*,T,불미스럽,*,*,*,*
불민스럽,1804,3572,4035,VA,*,T,불민스럽,*,*,*,*
불상스럽,1804,3572,4035,VA,*,T,불상스럽,*,*,*,*
불서럽,1804,3572,4035,VA,*,T,불서럽,*,*,*,*
불손스럽,1804,3572,4035,VA,*,T,불손스럽,*,*,*,*
불안스럽,1804,3572,4035,VA,*,T,불안스럽,*,*,*,*
불영예스럽,1804,3572,4035,VA,*,T,불영예스럽,*,*,*,*
불유쾌스럽,1804,3572,4035,VA,*,T,불유쾌스럽,*,*,*,*
불충스럽,1804,3572,4035,VA,*,T,불충스럽,*,*,*,*
불쾌스럽,1804,3572,4035,VA,*,T,불쾌스럽,*,*,*,*
불퉁스럽,1804,3572,4035,VA,*,T,불퉁스럽,*,*,*,*
불티나,1804,3571,4035,VA,*,F,불티나,*,*,*,*
불편스럽,1804,3572,4035,VA,*,T,불편스럽,*,*,*,*
불화스럽,1804,3572,4035,VA,*,T,불화스럽,*,*,*,*
붉,1804,3572,3072,VA,*,T,붉,*,*,*,*
붉그스럽,1804,3572,4035,VA,*,T,붉그스럽,*,*,*,*
붉디붉,1804,3572,4035,VA,*,T,붉디붉,*,*,*,*
붙,1804,3572,5845,VA,*,T,붙,*,*,*,*
비,1804,3571,6819,VA,*,F,비,*,*,*,*
비감스럽,1804,3572,4035,VA,*,T,비감스럽,*,*,*,*
비겁스럽,1804,3572,4035,VA,*,T,비겁스럽,*,*,*,*
비관스럽,1804,3572,4035,VA,*,T,비관스럽,*,*,*,*
비굴스럽,1804,3572,4035,VA,*,T,비굴스럽,*,*,*,*
비뚜르,1804,3571,4035,VA,*,F,비뚜르,*,*,*,*
비뚜름하,1804,3571,4035,VA,*,F,비뚜름하,*,*,*,*
비뚤,1804,3572,2542,VA,*,T,비뚤,*,*,*,*
비리,1804,3571,4306,VA,*,F,비리,*,*,*,*
비분스럽,1804,3572,4035,VA,*,T,비분스럽,*,*,*,*
비슴하,1804,3571,4035,VA,*,F,비슴하,*,*,*,*
비싸,1804,3571,2675,VA,*,F,비싸,*,*,*,*
비아냥스럽,1804,3572,4035,VA,*,T,비아냥스럽,*,*,*,*
비장스럽,1804,3572,4035,VA,*,T,비장스럽,*,*,*,*
비정스럽,1804,3572,4035,VA,*,T,비정스럽,*,*,*,*
비좁,1804,3572,3950,VA,*,T,비좁,*,*,*,*
비참스럽,1804,3572,4035,VA,*,T,비참스럽,*,*,*,*
비탈지,1804,3571,4021,VA,*,F,비탈지,*,*,*,*
비하,1804,3571,4174,VA,*,F,비하,*,*,*,*
빈틈없,1804,3572,3557,VA,*,T,빈틈없,*,*,*,*
빙충맞,1804,3572,4035,VA,*,T,빙충맞,*,*,*,*
빛바래,1804,3571,4035,VA,*,F,빛바래,*,*,*,*
빠르,1804,3571,3360,VA,*,F,빠르,*,*,*,*
빠삭하,1804,3571,4297,VA,*,F,빠삭하,*,*,*,*
빠안하,1804,3571,4035,VA,*,F,빠안하,*,*,*,*
빠알갛,1804,3572,4035,VA,*,T,빠알갛,*,*,*,*
빡빡하,1804,3571,4125,VA,*,F,빡빡하,*,*,*,*
빡세,1804,3571,3961,VA,*,F,빡세,*,*,*,*
빡시,1804,3571,4035,VA,*,F,빡시,*,*,*,*
빡쎄,1804,3571,4035,VA,*,F,빡쎄,*,*,*,*
빤드럽,1804,3572,4035,VA,*,T,빤드럽,*,*,*,*
빤빤스럽,1804,3572,4035,VA,*,T,빤빤스럽,*,*,*,*
빤하,1804,3571,4035,VA,*,F,빤하,*,*,*,*
빨,1804,3572,5969,VA,*,T,빨,*,*,*,*
빨갛,1804,3572,4044,VA,*,T,빨갛,*,*,*,*
빨르,1804,3571,4035,VA,*,F,빨르,*,*,*,*
빼나,1804,3571,4035,VA,*,F,빼나,*,*,*,*
빼뚤,1804,3572,4035,VA,*,T,빼뚤,*,*,*,*
빼어나,1804,3571,3834,VA,*,F,빼어나,*,*,*,*
뻐들겅하,1804,3571,4035,VA,*,F,뻐들겅하,*,*,*,*
뻐들컹하,1804,3571,4035,VA,*,F,뻐들컹하,*,*,*,*
뻐세,1804,3571,4035,VA,*,F,뻐세,*,*,*,*
뻑세,1804,3571,4035,VA,*,F,뻑세,*,*,*,*
뻑적지근하,1804,3571,4035,VA,*,F,뻑적지근하,*,*,*,*
뻔드럽,1804,3572,4035,VA,*,T,뻔드럽,*,*,*,*
뻔뻔스럽,1804,3572,4035,VA,*,T,뻔뻔스럽,*,*,*,*
뻔질나,1804,3571,4035,VA,*,F,뻔질나,*,*,*,*
뻔찔나,1804,3571,4035,VA,*,F,뻔찔나,*,*,*,*
뻔하,1804,3571,3655,VA,*,F,뻔하,*,*,*,*
뻔허,1804,3571,4035,VA,*,F,뻔허,*,*,*,*
뻔히,1804,3571,4040,VA,*,F,뻔히,*,*,*,*
뻗세,1804,3571,4035,VA,*,F,뻗세,*,*,*,*
뻘겋,1804,3572,4035,VA,*,T,뻘겋,*,*,*,*
뻣세,1804,3571,4035,VA,*,F,뻣세,*,*,*,*
뻥하,1804,3571,4035,VA,*,F,뻥하,*,*,*,*
뼈아프,1804,3571,4035,VA,*,F,뼈아프,*,*,*,*
뼈저리,1804,3571,3415,VA,*,F,뼈저리,*,*,*,*
뼈져리,1804,3571,4035,VA,*,F,뼈져리,*,*,*,*
뼈지,1804,3571,4035,VA,*,F,뼈지,*,*,*,*
뽀독하,1804,3571,4035,VA,*,F,뽀독하,*,*,*,*
뽀얗,1804,3572,4035,VA,*,T,뽀얗,*,*,*,*
뽀오얗,1804,3572,4035,VA,*,T,뽀오얗,*,*,*,*
뽈갛,1804,3572,4035,VA,*,T,뽈갛,*,*,*,*
뿌리깊,1804,3572,4652,VA,*,T,뿌리깊,*,*,*,*
뿌옇,1804,3572,4035,VA,*,T,뿌옇,*,*,*,*
뿌우옇,1804,3572,4035,VA,*,T,뿌우옇,*,*,*,*
뿌하,1804,3571,4035,VA,*,F,뿌하,*,*,*,*
삐뚜름하,1804,3571,4035,VA,*,F,삐뚜름하,*,*,*,*
삐뚤,1804,3572,4161,VA,*,T,삐뚤,*,*,*,*
삐뚫,1804,3572,4035,VA,*,T,삐뚫,*,*,*,*
사각지,1804,3571,4089,VA,*,F,사각지,*,*,*,*
사근사근하,1804,3571,4035,VA,*,F,사근사근하,*,*,*,*
사납,1804,3572,4035,VA,*,T,사납,*,*,*,*
사사롭,1804,3572,4035,VA,*,T,사사롭,*,*,*,*
사사하,1804,3571,4035,VA,*,F,사사하,*,*,*,*
사위스럽,1804,3572,4035,VA,*,T,사위스럽,*,*,*,*
사이좋,1804,3572,3436,VA,*,T,사이좋,*,*,*,*
사작바르,1804,3571,4035,VA,*,F,사작바르,*,*,*,*
사정없,1804,3572,4036,VA,*,T,사정없,*,*,*,*
산하,1804,3571,3984,VA,*,F,산하,*,*,*,*
살,1804,3572,6044,VA,*,T,살,*,*,*,*
살갑,1804,3572,4035,VA,*,T,살갑,*,*,*,*
살똥맞,1804,3572,4035,VA,*,T,살똥맞,*,*,*,*
살똥스럽,1804,3572,4035,VA,*,T,살똥스럽,*,*,*,*
살몃하,1804,3571,4035,VA,*,F,살몃하,*,*,*,*
살스럽,1804,3572,4039,VA,*,T,살스럽,*,*,*,*
살지,1804,3571,5022,VA,*,F,살지,*,*,*,*
살차,1804,3571,4039,VA,*,F,살차,*,*,*,*
살천스럽,1804,3572,4035,VA,*,T,살천스럽,*,*,*,*
살팍지,1804,3571,4035,VA,*,F,살팍지,*,*,*,*
살풍경스럽,1804,3572,4035,VA,*,T,살풍경스럽,*,*,*,*
살피,1804,3571,4261,VA,*,F,살피,*,*,*,*
삿되,1804,3571,4035,VA,*,F,삿되,*,*,*,*
상관없,1804,3572,3334,VA,*,T,상관없,*,*,*,*
상냥스럽,1804,3572,4035,VA,*,T,상냥스럽,*,*,*,*
상되,1804,3571,4076,VA,*,F,상되,*,*,*,*
상서롭,1804,3572,4035,VA,*,T,상서롭,*,*,*,*
상서스럽,1804,3572,4035,VA,*,T,상서스럽,*,*,*,*
상스럽,1804,3572,4038,VA,*,T,상스럽,*,*,*,*
상없,1804,3572,4067,VA,*,T,상없,*,*,*,*
상하,1804,3571,4280,VA,*,F,상하,*,*,*,*
상허,1804,3571,4038,VA,*,F,상허,*,*,*,*
새,1804,3571,5976,VA,*,F,새,*,*,*,*
새까맣,1804,3572,3919,VA,*,T,새까맣,*,*,*,*
새노랗,1804,3572,4035,VA,*,T,새노랗,*,*,*,*
새되,1804,3571,4035,VA,*,F,새되,*,*,*,*
새똥빠지,1804,3571,4035,VA,*,F,새똥빠지,*,*,*,*
새롭,1804,3572,1569,VA,*,T,새롭,*,*,*,*
새말갛,1804,3572,4035,VA,*,T,새말갛,*,*,*,*
새맑,1804,3572,4035,VA,*,T,새맑,*,*,*,*
새빨갛,1804,3572,4024,VA,*,T,새빨갛,*,*,*,*
새뽀얗,1804,3572,4035,VA,*,T,새뽀얗,*,*,*,*
새살궂,1804,3572,4035,VA,*,T,새살궂,*,*,*,*
새살맞,1804,3572,4035,VA,*,T,새살맞,*,*,*,*
새살스럽,1804,3572,4035,VA,*,T,새살스럽,*,*,*,*
새삼스럽,1804,3572,4202,VA,*,T,새삼스럽,*,*,*,*
새차,1804,3571,4035,VA,*,F,새차,*,*,*,*
새초롬하,1804,3571,4035,VA,*,F,새초롬하,*,*,*,*
새촘하,1804,3571,4035,VA,*,F,새촘하,*,*,*,*
새침스럽,1804,3572,4035,VA,*,T,새침스럽,*,*,*,*
새카맣,1804,3572,4035,VA,*,T,새카맣,*,*,*,*
새캄하,1804,3571,4035,VA,*,F,새캄하,*,*,*,*
새퉁스럽,1804,3572,4035,VA,*,T,새퉁스럽,*,*,*,*
새파랗,1804,3572,3927,VA,*,T,새파랗,*,*,*,*
새하얗,1804,3572,3931,VA,*,T,새하얗,*,*,*,*
색다르,1804,3571,4035,VA,*,F,색다르,*,*,*,*
색스럽,1804,3572,4035,VA,*,T,색스럽,*,*,*,*
샛까맣,1804,3572,4035,VA,*,T,샛까맣,*,*,*,*
샛노랗,1804,3572,4035,VA,*,T,샛노랗,*,*,*,*
샛되,1804,3571,4035,VA,*,F,샛되,*,*,*,*
샛말갛,1804,3572,4035,VA,*,T,샛말갛,*,*,*,*
샛맑,1804,3572,4035,VA,*,T,샛맑,*,*,*,*
샛빨갛,1804,3572,4035,VA,*,T,샛빨갛,*,*,*,*
샛파랗,1804,3572,4035,VA,*,T,샛파랗,*,*,*,*
샛푸르,1804,3571,4035,VA,*,F,샛푸르,*,*,*,*
생경스럽,1804,3572,4035,VA,*,T,생경스럽,*,*,*,*
생급스럽,1804,3572,4035,VA,*,T,생급스럽,*,*,*,*
생기,1804,3571,5534,VA,*,F,생기,*,*,*,*
생때같,1804,3572,4035,VA,*,T,생때같,*,*,*,*
생뚱맞,1804,3572,4035,VA,*,T,생뚱맞,*,*,*,*
생뚱스럽,1804,3572,4035,VA,*,T,생뚱스럽,*,*,*,*
서거프,1804,3571,4035,VA,*,F,서거프,*,*,*,*
서글프,1804,3571,4034,VA,*,F,서글프,*,*,*,*
서글프디서글프,1804,3571,4035,VA,*,F,서글프디서글프,*,*,*,*
서느렇,1804,3572,4035,VA,*,T,서느렇,*,*,*,*
서두르,1804,3571,4431,VA,*,F,서두르,*,*,*,*
서럽,1804,3572,4033,VA,*,T,서럽,*,*,*,*
서럽디서럽,1804,3572,4035,VA,*,T,서럽디서럽,*,*,*,*
서스럼없,1804,3572,4035,VA,*,T,서스럼없,*,*,*,*
서슴없,1804,3572,4039,VA,*,T,서슴없,*,*,*,*
서투르,1804,3571,4035,VA,*,F,서투르,*,*,*,*
서툴,1804,3572,4031,VA,*,T,서툴,*,*,*,*
석연찮,1804,3572,4035,VA,*,T,석연찮,*,*,*,*
선하,1804,3571,3714,VA,*,F,선하,*,*,*,*
섣부르,1804,3571,4035,VA,*,F,섣부르,*,*,*,*
설,1804,3572,5726,VA,*,T,설,*,*,*,*
설웁,1804,3572,4035,VA,*,T,설웁,*,*,*,*
섧,1804,3572,4035,VA,*,T,섧,*,*,*,*
섬닷하,1804,3571,4035,VA,*,F,섬닷하,*,*,*,*
섬뜩하,1804,3571,4035,VA,*,F,섬뜩하,*,*,*,*
섬뜻하,1804,3571,4035,VA,*,F,섬뜻하,*,*,*,*
섭하,1804,3571,4045,VA,*,F,섭하,*,*,*,*
성가시,1804,3571,4035,VA,*,F,성가시,*,*,*,*
성글,1804,3572,4035,VA,*,T,성글,*,*,*,*
성기,1804,3571,4077,VA,*,F,성기,*,*,*,*
성깔지,1804,3571,4035,VA,*,F,성깔지,*,*,*,*
성마르,1804,3571,4035,VA,*,F,성마르,*,*,*,*
성명없,1804,3572,4035,VA,*,T,성명없,*,*,*,*
성부르,1804,3571,4035,VA,*,F,성부르,*,*,*,*
성스럽,1804,3572,4043,VA,*,T,성스럽,*,*,*,*
성싶,1804,3572,4401,VA,*,T,성싶,*,*,*,*
성큼하,1804,3571,4035,VA,*,F,성큼하,*,*,*,*
성하,1804,3571,3835,VA,*,F,성하,*,*,*,*
성화같,1804,3572,4035,VA,*,T,성화같,*,*,*,*
성화스럽,1804,3572,4035,VA,*,T,성화스럽,*,*,*,*
세,1804,3571,5268,VA,*,F,세,*,*,*,*
세모나,1804,3571,4035,VA,*,F,세모나,*,*,*,*
세모지,1804,3571,4035,VA,*,F,세모지,*,*,*,*
세상없,1804,3572,4035,VA,*,T,세상없,*,*,*,*
세차,1804,3571,3942,VA,*,F,세차,*,*,*,*
섹시하,1804,3571,4674,VA,*,F,섹시하,*,*,*,*
션찮,1804,3572,4035,VA,*,T,션찮,*,*,*,*
소담스럽,1804,3572,4035,VA,*,T,소담스럽,*,*,*,*
소심스럽,1804,3572,4035,VA,*,T,소심스럽,*,*,*,*
소용없,1804,3572,4548,VA,*,T,소용없,*,*,*,*
소원스럽,1804,3572,4035,VA,*,T,소원스럽,*,*,*,*
소중스럽,1804,3572,4035,VA,*,T,소중스럽,*,*,*,*
소홀하,1804,3571,4218,VA,*,F,소홀하,*,*,*,*
속되,1804,3571,4220,VA,*,F,속되,*,*,*,*
속상하,1804,3571,3180,VA,*,F,속상하,*,*,*,*
속상허,1804,3571,4035,VA,*,F,속상허,*,*,*,*
속없,1804,3572,4150,VA,*,T,속없,*,*,*,*
속절없,1804,3572,4035,VA,*,T,속절없,*,*,*,*
속좁,1804,3572,3880,VA,*,T,속좁,*,*,*,*
손색없,1804,3572,5144,VA,*,T,손색없,*,*,*,*
손쉽,1804,3572,3470,VA,*,T,손쉽,*,*,*,*
솔찬허,1804,3571,4035,VA,*,F,솔찬허,*,*,*,*
솔찮,1804,3572,4035,VA,*,T,솔찮,*,*,*,*
송구스럽,1804,3572,4101,VA,*,T,송구스럽,*,*,*,*
쇳되,1804,3571,4035,VA,*,F,쇳되,*,*,*,*
쇼킹하,1804,3571,4035,VA,*,F,쇼킹하,*,*,*,*
수굿하,1804,3571,4035,VA,*,F,수굿하,*,*,*,*
수긋하,1804,3571,4035,VA,*,F,수긋하,*,*,*,*
수많,1804,3572,2145,VA,*,T,수많,*,*,*,*
수말스럽,1804,3572,4035,VA,*,T,수말스럽,*,*,*,*
수미일관되,1804,3571,4035,VA,*,F,수미일관되,*,*,*,*
수상스럽,1804,3572,4035,VA,*,T,수상스럽,*,*,*,*
수상쩍,1804,3572,4035,VA,*,T,수상쩍,*,*,*,*
수선스럽,1804,3572,4035,VA,*,T,수선스럽,*,*,*,*
수없,1804,3572,5516,VA,*,T,수없,*,*,*,*
수월스럽,1804,3572,4035,VA,*,T,수월스럽,*,*,*,*
수월찮,1804,3572,4035,VA,*,T,수월찮,*,*,*,*
수줍,1804,3572,4022,VA,*,T,수줍,*,*,*,*
수집,1804,3572,3763,VA,*,T,수집,*,*,*,*
수통스럽,1804,3572,4035,VA,*,T,수통스럽,*,*,*,*
순박스럽,1804,3572,4035,VA,*,T,순박스럽,*,*,*,*
순직스럽,1804,3572,4035,VA,*,T,순직스럽,*,*,*,*
순진스럽,1804,3572,4035,VA,*,T,순진스럽,*,*,*,*
순하,1804,3571,3676,VA,*,F,순하,*,*,*,*
숨가쁘,1804,3571,5749,VA,*,F,숨가쁘,*,*,*,*
숨김없,1804,3572,4036,VA,*,T,숨김없,*,*,*,*
숨차,1804,3571,4035,VA,*,F,숨차,*,*,*,*
숫되,1804,3571,4035,VA,*,F,숫되,*,*,*,*
숫접,1804,3572,4035,VA,*,T,숫접,*,*,*,*
숫지,1804,3571,4035,VA,*,F,숫지,*,*,*,*
숫하,1804,3571,4035,VA,*,F,숫하,*,*,*,*
숭물스럽,1804,3572,4035,VA,*,T,숭물스럽,*,*,*,*
숭하,1804,3571,4035,VA,*,F,숭하,*,*,*,*
숭허,1804,3571,4035,VA,*,F,숭허,*,*,*,*
숱하,1804,3571,2959,VA,*,F,숱하,*,*,*,*
쉽,1804,3572,3166,VA,*,T,쉽,*,*,*,*
스럽,1804,3572,3082,VA,*,T,스럽,*,*,*,*
스산스럽,1804,3572,4035,VA,*,T,스산스럽,*,*,*,*
스스럼없,1804,3572,4035,VA,*,T,스스럼없,*,*,*,*
스스럽,1804,3572,4035,VA,*,T,스스럽,*,*,*,*
슬겁,1804,3572,4035,VA,*,T,슬겁,*,*,*,*
슬푸,1804,3571,4035,VA,*,F,슬푸,*,*,*,*
슬프,1804,3571,4027,VA,*,F,슬프,*,*,*,*
슬프디슬프,1804,3571,4035,VA,*,F,슬프디슬프,*,*,*,*
슴슴하,1804,3571,4035,VA,*,F,슴슴하,*,*,*,*
습지,1804,3571,4038,VA,*,F,습지,*,*,*,*
습하,1804,3571,3633,VA,*,F,습하,*,*,*,*
승하,1804,3571,4119,VA,*,F,승하,*,*,*,*
시,1804,3571,6142,VA,*,F,시,*,*,*,*
시건드러지,1804,3571,4035,VA,*,F,시건드러지,*,*,*,*
시건방지,1804,3571,3995,VA,*,F,시건방지,*,*,*,*
시그럽,1804,3572,4035,VA,*,T,시그럽,*,*,*,*
시꺼멓,1804,3572,4027,VA,*,T,시꺼멓,*,*,*,*
시꺼믛,1804,3572,4035,VA,*,T,시꺼믛,*,*,*,*
시끄럽,1804,3572,4035,VA,*,T,시끄럽,*,*,*,*
시끌맞,1804,3572,4035,VA,*,T,시끌맞,*,*,*,*
시누렇,1804,3572,4035,VA,*,T,시누렇,*,*,*,*
시답,1804,3572,4035,VA,*,T,시답,*,*,*,*
시답잖,1804,3572,4035,VA,*,T,시답잖,*,*,*,*
시덥,1804,3572,3116,VA,*,T,시덥,*,*,*,*
시덥잖,1804,3572,4849,VA,*,T,시덥잖,*,*,*,*
시들스럽,1804,3572,4035,VA,*,T,시들스럽,*,*,*,*
시디시,1804,3571,4035,VA,*,F,시디시,*,*,*,*
시뜻하,1804,3571,4035,VA,*,F,시뜻하,*,*,*,*
시렵,1804,3572,4035,VA,*,T,시렵,*,*,*,*
시름겹,1804,3572,4035,VA,*,T,시름겹,*,*,*,*
시리,1804,3571,4529,VA,*,F,시리,*,*,*,*
시망스럽,1804,3572,4035,VA,*,T,시망스럽,*,*,*,*
시뻐겋,1804,3572,4035,VA,*,T,시뻐겋,*,*,*,*
시뻘겋,1804,3572,4035,VA,*,T,시뻘겋,*,*,*,*
시뿌옇,1804,3572,4035,VA,*,T,시뿌옇,*,*,*,*
시쁘,1804,3571,4035,VA,*,F,시쁘,*,*,*,*
시쁜하,1804,3571,4035,VA,*,F,시쁜하,*,*,*,*
시시껄렁하,1804,3571,4035,VA,*,F,시시껄렁하,*,*,*,*
시원스럽,1804,3572,4180,VA,*,T,시원스럽,*,*,*,*
시원찮,1804,3572,4034,VA,*,T,시원찮,*,*,*,*
시장스럽,1804,3572,4035,VA,*,T,시장스럽,*,*,*,*
시커멓,1804,3572,4035,VA,*,T,시커멓,*,*,*,*
시컴하,1804,3571,4035,VA,*,F,시컴하,*,*,*,*
시퉁머리스럽,1804,3572,4035,VA,*,T,시퉁머리스럽,*,*,*,*
시퉁스럽,1804,3572,4035,VA,*,T,시퉁스럽,*,*,*,*
시퍼렇,1804,3572,3742,VA,*,T,시퍼렇,*,*,*,*
시푸르,1804,3571,4035,VA,*,F,시푸르,*,*,*,*
시허옇,1804,3572,4035,VA,*,T,시허옇,*,*,*,*
식,1804,3572,7207,VA,*,T,식,*,*,*,*
신기스럽,1804,3572,4035,VA,*,T,신기스럽,*,*,*,*
신명스럽,1804,3572,4035,VA,*,T,신명스럽,*,*,*,*
신명지,1804,3571,4035,VA,*,F,신명지,*,*,*,*
신비스럽,1804,3572,4035,VA,*,T,신비스럽,*,*,*,*
신성스럽,1804,3572,4035,VA,*,T,신성스럽,*,*,*,*
신통스럽,1804,3572,4035,VA,*,T,신통스럽,*,*,*,*
신통찮,1804,3572,4557,VA,*,T,신통찮,*,*,*,*
신풍스럽,1804,3572,4035,VA,*,T,신풍스럽,*,*,*,*
실답,1804,3572,4035,VA,*,T,실답,*,*,*,*
실없,1804,3572,3824,VA,*,T,실없,*,*,*,*
실팍지,1804,3571,4035,VA,*,F,실팍지,*,*,*,*
실하,1804,3571,4597,VA,*,F,실하,*,*,*,*
실허,1804,3571,4035,VA,*,F,실허,*,*,*,*
싫,1804,3572,2283,VA,*,T,싫,*,*,*,*
심들,1804,3572,4035,VA,*,T,심들,*,*,*,*
심란스럽,1804,3572,4035,VA,*,T,심란스럽,*,*,*,*
심상스럽,1804,3572,4035,VA,*,T,심상스럽,*,*,*,*
심상찮,1804,3572,4680,VA,*,T,심상찮,*,*,*,*
심술궂,1804,3572,4035,VA,*,T,심술궂,*,*,*,*
심심찮,1804,3572,3667,VA,*,T,심심찮,*,*,*,*
심악스럽,1804,3572,4035,VA,*,T,심악스럽,*,*,*,*
심하,1804,3571,2681,VA,*,F,심하,*,*,*,*
싯누렇,1804,3572,4035,VA,*,T,싯누렇,*,*,*,*
싯멀겋,1804,3572,4035,VA,*,T,싯멀겋,*,*,*,*
싯벌겋,1804,3572,4035,VA,*,T,싯벌겋,*,*,*,*
싯푸르,1804,3571,4035,VA,*,F,싯푸르,*,*,*,*
싱검하,1804,3571,4035,VA,*,F,싱검하,*,*,*,*
싱겁,1804,3572,4035,VA,*,T,싱겁,*,*,*,*
싱그럽,1804,3572,4035,VA,*,T,싱그럽,*,*,*,*
싱숭하,1804,3571,4035,VA,*,F,싱숭하,*,*,*,*
싶,1804,3572,5321,VA,*,T,싶,*,*,*,*
싸,1804,3571,4773,VA,*,F,싸,*,*,*,*
싸납,1804,3572,4035,VA,*,T,싸납,*,*,*,*
싸느랗,1804,3572,4035,VA,*,T,싸느랗,*,*,*,*
싸아하,1804,3571,4035,VA,*,F,싸아하,*,*,*,*
싸하,1804,3571,4076,VA,*,F,싸하,*,*,*,*
싹수없,1804,3572,3955,VA,*,T,싹수없,*,*,*,*
쌀쌀맞,1804,3572,3892,VA,*,T,쌀쌀맞,*,*,*,*
쌀쌀스럽,1804,3572,4035,VA,*,T,쌀쌀스럽,*,*,*,*
쌍꺼풀지,1804,3571,4035,VA,*,F,쌍꺼풀지,*,*,*,*
쌍스럽,1804,3572,4035,VA,*,T,쌍스럽,*,*,*,*
쌔,1804,3571,4146,VA,*,F,쌔,*,*,*,*
쌔까맣,1804,3572,4035,VA,*,T,쌔까맣,*,*,*,*
써느렇,1804,3572,4035,VA,*,T,써느렇,*,*,*,*
쎄,1804,3571,3507,VA,*,F,쎄,*,*,*,*
쎼,1804,3571,4035,VA,*,F,쎼,*,*,*,*
쏜살같,1804,3572,4035,VA,*,T,쏜살같,*,*,*,*
쑥스럽,1804,3572,3840,VA,*,T,쑥스럽,*,*,*,*
쑥쓰럽,1804,3572,4035,VA,*,T,쑥쓰럽,*,*,*,*
쑥씨렵,1804,3572,4035,VA,*,T,쑥씨렵,*,*,*,*
쓰,1804,3571,5776,VA,*,F,쓰,*,*,*,*
쓰고프,1804,3571,4035,VA,*,F,쓰고프,*,*,*,*
쓰디쓰,1804,3571,4035,VA,*,F,쓰디쓰,*,*,*,*
쓰라리,1804,3571,4035,VA,*,F,쓰라리,*,*,*,*
쓰리,1804,3571,4105,VA,*,F,쓰리,*,*,*,*
쓸데없,1804,3572,3310,VA,*,T,쓸데없,*,*,*,*
쓸데웂,1804,3572,4035,VA,*,T,쓸데웂,*,*,*,*
쓸모없,1804,3572,4589,VA,*,T,쓸모없,*,*,*,*
쓸모있,1804,3572,4474,VA,*,T,쓸모있,*,*,*,*
씨,1804,3571,5289,VA,*,F,씨,*,*,*,*
씨꺼멓,1804,3572,4035,VA,*,T,씨꺼멓,*,*,*,*
씨식잖,1804,3572,4035,VA,*,T,씨식잖,*,*,*,*
씨커멓,1804,3572,4035,VA,*,T,씨커멓,*,*,*,*
씰데없,1804,3572,4035,VA,*,T,씰데없,*,*,*,*
아귀차,1804,3571,4035,VA,*,F,아귀차,*,*,*,*
아금박스럽,1804,3572,4035,VA,*,T,아금박스럽,*,*,*,*
아금받,1804,3572,4035,VA,*,T,아금받,*,*,*,*
아기꼽살스럽,1804,3572,4035,VA,*,T,아기꼽살스럽,*,*,*,*
아깝,1804,3572,3523,VA,*,T,아깝,*,*,*,*
아깝잖,1804,3572,4035,VA,*,T,아깝잖,*,*,*,*
아낌없,1804,3572,4038,VA,*,T,아낌없,*,*,*,*
아니,1804,3571,6344,VA,*,F,아니,*,*,*,*
아니꼽,1804,3572,4035,VA,*,T,아니꼽,*,*,*,*
아니꼽살스럽,1804,3572,4035,VA,*,T,아니꼽살스럽,*,*,*,*
아담스럽,1804,3572,4035,VA,*,T,아담스럽,*,*,*,*
아랑곳없,1804,3572,4045,VA,*,T,아랑곳없,*,*,*,*
아롱지,1804,3571,4035,VA,*,F,아롱지,*,*,*,*
아름답,1804,3572,3559,VA,*,T,아름답,*,*,*,*
아름차,1804,3571,4035,VA,*,F,아름차,*,*,*,*
아리,1804,3571,5001,VA,*,F,아리,*,*,*,*
아리까리하,1804,3571,4035,VA,*,F,아리까리하,*,*,*,*
아리땁,1804,3572,4035,VA,*,T,아리땁,*,*,*,*
아무러하,1804,3571,4035,VA,*,F,아무러하,*,*,*,*
아무렇,1804,3572,2886,VA,*,T,아무렇,*,*,*,*
아무렇지않,1804,3572,4035,VA,*,T,아무렇지않,*,*,*,*
아쉽,1804,3572,2580,VA,*,T,아쉽,*,*,*,*
아쉽잖,1804,3572,4035,VA,*,T,아쉽잖,*,*,*,*
아스랗,1804,3572,4035,VA,*,T,아스랗,*,*,*,*
아슬하,1804,3571,4037,VA,*,F,아슬하,*,*,*,*
아쌀하,1804,3571,4035,VA,*,F,아쌀하,*,*,*,*
아양스럽,1804,3572,4035,VA,*,T,아양스럽,*,*,*,*
아파,1804,3571,5338,VA,*,F,아파,*,*,*,*
아푸,1804,3571,4035,VA,*,F,아푸,*,*,*,*
아프,1804,3571,2514,VA,*,F,아프,*,*,*,*
악독스럽,1804,3572,4035,VA,*,T,악독스럽,*,*,*,*
악세,1804,3571,4051,VA,*,F,악세,*,*,*,*
악지스럽,1804,3572,4035,VA,*,T,악지스럽,*,*,*,*
악착같,1804,3572,4035,VA,*,T,악착같,*,*,*,*
악착스럽,1804,3572,4035,VA,*,T,악착스럽,*,*,*,*
악하,1804,3571,3653,VA,*,F,악하,*,*,*,*
안녕하,1804,3571,4905,VA,*,F,안녕하,*,*,*,*
안달스럽,1804,3572,4035,VA,*,T,안달스럽,*,*,*,*
안되,1804,3571,4718,VA,*,F,안되,*,*,*,*
안스럽,1804,3572,4035,VA,*,T,안스럽,*,*,*,*
안쓰럽,1804,3572,4035,VA,*,T,안쓰럽,*,*,*,*
안씨럽,1804,3572,4035,VA,*,T,안씨럽,*,*,*,*
안타깝,1804,3572,3056,VA,*,T,안타깝,*,*,*,*
않,1804,3572,4710,VA,*,T,않,*,*,*,*
알맞,1804,3572,3681,VA,*,T,알맞,*,*,*,*
알차,1804,3571,3972,VA,*,F,알차,*,*,*,*
암상궂,1804,3572,4035,VA,*,T,암상궂,*,*,*,*
암상스럽,1804,3572,4035,VA,*,T,암상스럽,*,*,*,*
암울스럽,1804,3572,4035,VA,*,T,암울스럽,*,*,*,*
암팡스럽,1804,3572,4035,VA,*,T,암팡스럽,*,*,*,*
암팡지,1804,3571,4035,VA,*,F,암팡지,*,*,*,*
앗싸리하,1804,3571,4035,VA,*,F,앗싸리하,*,*,*,*
앙살궂,1804,3572,4035,VA,*,T,앙살궂,*,*,*,*
앙살스럽,1804,3572,4035,VA,*,T,앙살스럽,*,*,*,*
앙상궂,1804,3572,4035,VA,*,T,앙상궂,*,*,*,*
앙상스럽,1804,3572,4035,VA,*,T,앙상스럽,*,*,*,*
앙증맞,1804,3572,4034,VA,*,T,앙증맞,*,*,*,*
앙증스럽,1804,3572,4035,VA,*,T,앙증스럽,*,*,*,*
앙징맞,1804,3572,4035,VA,*,T,앙징맞,*,*,*,*
앙징스럽,1804,3572,4035,VA,*,T,앙징스럽,*,*,*,*
앙칼스럽,1804,3572,4035,VA,*,T,앙칼스럽,*,*,*,*
앙칼지,1804,3571,4035,VA,*,F,앙칼지,*,*,*,*
앙큼스럽,1804,3572,4035,VA,*,T,앙큼스럽,*,*,*,*
앙하,1804,3571,4040,VA,*,F,앙하,*,*,*,*
애긋,1804,3572,4035,VA,*,T,애긋,*,*,*,*
애꿎,1804,3572,4035,VA,*,T,애꿎,*,*,*,*
애꿏,1804,3572,4035,VA,*,T,애꿏,*,*,*,*
애달프,1804,3571,4034,VA,*,F,애달프,*,*,*,*
애닯,1804,3572,4035,VA,*,T,애닯,*,*,*,*
애띠,1804,3571,4035,VA,*,F,애띠,*,*,*,*
애바르,1804,3571,4035,VA,*,F,애바르,*,*,*,*
애살스럽,1804,3572,4035,VA,*,T,애살스럽,*,*,*,*
애상스럽,1804,3572,4035,VA,*,T,애상스럽,*,*,*,*
애잔스럽,1804,3572,4035,VA,*,T,애잔스럽,*,*,*,*
애잖,1804,3572,4035,VA,*,T,애잖,*,*,*,*
애젊,1804,3572,4035,VA,*,T,애젊,*,*,*,*
애처럽,1804,3572,4035,VA,*,T,애처럽,*,*,*,*
애처롭,1804,3572,4035,VA,*,T,애처롭,*,*,*,*
앰하,1804,3571,4035,VA,*,F,앰하,*,*,*,*
앳되,1804,3571,4035,VA,*,F,앳되,*,*,*,*
야릇스럽,1804,3572,4035,VA,*,T,야릇스럽,*,*,*,*
야멸스럽,1804,3572,4035,VA,*,T,야멸스럽,*,*,*,*
야멸차,1804,3571,4035,VA,*,F,야멸차,*,*,*,*
야멸치,1804,3571,4035,VA,*,F,야멸치,*,*,*,*
야무지,1804,3571,4026,VA,*,F,야무지,*,*,*,*
야물,1804,3572,4037,VA,*,T,야물,*,*,*,*
야물딱지,1804,3571,4035,VA,*,F,야물딱지,*,*,*,*
야박스럽,1804,3572,4035,VA,*,T,야박스럽,*,*,*,*
야비스럽,1804,3572,4035,VA,*,T,야비스럽,*,*,*,*
야살스럽,1804,3572,4035,VA,*,T,야살스럽,*,*,*,*
야속스럽,1804,3572,4035,VA,*,T,야속스럽,*,*,*,*
야하,1804,3571,4665,VA,*,F,야하,*,*,*,*
약,1804,3572,6105,VA,*,T,약,*,*,*,*
약빠르,1804,3571,4035,VA,*,F,약빠르,*,*,*,*
약삭빠르,1804,3571,4035,VA,*,F,약삭빠르,*,*,*,*
약삭스럽,1804,3572,4035,VA,*,T,약삭스럽,*,*,*,*
약싹빠르,1804,3571,4035,VA,*,F,약싹빠르,*,*,*,*
약아빠지,1804,3571,4035,VA,*,F,약아빠지,*,*,*,*
약하,1804,3571,3122,VA,*,F,약하,*,*,*,*
약허,1804,3571,4035,VA,*,F,약허,*,*,*,*
얄궂,1804,3572,4035,VA,*,T,얄궂,*,*,*,*
얄따랗,1804,3572,4035,VA,*,T,얄따랗,*,*,*,*
얄망스럽,1804,3572,4035,VA,*,T,얄망스럽,*,*,*,*
얄밉,1804,3572,4035,VA,*,T,얄밉,*,*,*,*
얄밉상스럽,1804,3572,4035,VA,*,T,얄밉상스럽,*,*,*,*
얄짤없,1804,3572,4035,VA,*,T,얄짤없,*,*,*,*
얄팍스럽,1804,3572,4035,VA,*,T,얄팍스럽,*,*,*,*
얇,1804,3572,3735,VA,*,T,얇,*,*,*,*
얇다랗,1804,3572,4035,VA,*,T,얇다랗,*,*,*,*
얇디얇,1804,3572,4035,VA,*,T,얇디얇,*,*,*,*
얌전스럽,1804,3572,4035,VA,*,T,얌전스럽,*,*,*,*
얌전하,1804,3571,4296,VA,*,F,얌전하,*,*,*,*
얍삽하,1804,3571,4035,VA,*,F,얍삽하,*,*,*,*
양지바르,1804,3571,4035,VA,*,F,양지바르,*,*,*,*
얕,1804,3572,4037,VA,*,T,얕,*,*,*,*
얕다랗,1804,3572,4035,VA,*,T,얕다랗,*,*,*,*
얕디얕,1804,3572,4035,VA,*,T,얕디얕,*,*,*,*
얕으막하,1804,3571,4035,VA,*,F,얕으막하,*,*,*,*
어긋맞,1804,3572,4035,VA,*,T,어긋맞,*,*,*,*
어기차,1804,3571,4047,VA,*,F,어기차,*,*,*,*
어김없,1804,3572,3979,VA,*,T,어김없,*,*,*,*
어뀫,1804,3572,4035,VA,*,T,어뀫,*,*,*,*
어더렇,1804,3572,4035,VA,*,T,어더렇,*,*,*,*
어둑스레하,1804,3571,4035,VA,*,F,어둑스레하,*,*,*,*
어둑시근하,1804,3571,4035,VA,*,F,어둑시근하,*,*,*,*
어둑어둑하,1804,3571,4035,VA,*,F,어둑어둑하,*,*,*,*
어둡,1804,3572,3015,VA,*,T,어둡,*,*,*,*
어드렇,1804,3572,4035,VA,*,T,어드렇,*,*,*,*
어딨,1804,3572,2468,VA,*,T,어딨,*,*,*,*
어떠,1804,3571,3821,VA,*,F,어떠,*,*,*,*
어떠어떻,1804,3572,4035,VA,*,T,어떠어떻,*,*,*,*
어떠하,1804,3571,4476,VA,*,F,어떠하,*,*,*,*
어떻,1804,3572,3572,VA,*,T,어떻,*,*,*,*
어떻하,1804,3571,4035,VA,*,F,어떻하,*,*,*,*
어띃,1804,3572,5377,VA,*,T,어띃,*,*,*,*
어럽,1804,3572,4035,VA,*,T,어럽,*,*,*,*
어렵,1804,3572,2328,VA,*,T,어렵,*,*,*,*
어룽지,1804,3571,4035,VA,*,F,어룽지,*,*,*,*
어리,1804,3571,4402,VA,*,F,어리,*,*,*,*
어리벙벙하,1804,3571,4035,VA,*,F,어리벙벙하,*,*,*,*
어리석,1804,3572,3372,VA,*,T,어리석,*,*,*,*
어리셕,1804,3572,4035,VA,*,T,어리셕,*,*,*,*
어리숙하,1804,3571,4035,VA,*,F,어리숙하,*,*,*,*
어림없,1804,3572,4035,VA,*,T,어림없,*,*,*,*
어마,1804,3571,4348,VA,*,F,어마,*,*,*,*
어설프,1804,3571,4035,VA,*,F,어설프,*,*,*,*
어스름하,1804,3571,4035,VA,*,F,어스름하,*,*,*,*
어슬프,1804,3571,4035,VA,*,F,어슬프,*,*,*,*
어여쁘,1804,3571,4033,VA,*,F,어여쁘,*,*,*,*
어울리,1804,3571,4532,VA,*,F,어울리,*,*,*,*
어이없,1804,3572,2233,VA,*,T,어이없,*,*,*,*
어정뜨,1804,3571,4035,VA,*,F,어정뜨,*,*,*,*
어줍,1804,3572,4036,VA,*,T,어줍,*,*,*,*
어줍잖,1804,3572,4035,VA,*,T,어줍잖,*,*,*,*
어중되,1804,3571,4035,VA,*,F,어중되,*,*,*,*
어중띠,1804,3571,4035,VA,*,F,어중띠,*,*,*,*
어지럽,1804,3572,3669,VA,*,T,어지럽,*,*,*,*
어질,1804,3572,4896,VA,*,T,어질,*,*,*,*
어쩧,1804,3572,4035,VA,*,T,어쩧,*,*,*,*
어쭙,1804,3572,4035,VA,*,T,어쭙,*,*,*,*
어쭙잖,1804,3572,4035,VA,*,T,어쭙잖,*,*,*,*
어쭙지않,1804,3572,4035,VA,*,T,어쭙지않,*,*,*,*
어처구니없,1804,3572,3992,VA,*,T,어처구니없,*,*,*,*
어푸수수하,1804,3571,4035,VA,*,F,어푸수수하,*,*,*,*
억세,1804,3571,4001,VA,*,F,억세,*,*,*,*
억수같,1804,3572,4035,VA,*,T,억수같,*,*,*,*
억척같,1804,3572,4035,VA,*,T,억척같,*,*,*,*
억척스럽,1804,3572,4035,VA,*,T,억척스럽,*,*,*,*
언덕지,1804,3571,4035,VA,*,F,언덕지,*,*,*,*
언짢,1804,3572,3942,VA,*,T,언짢,*,*,*,*
언찮,1804,3572,4025,VA,*,T,언찮,*,*,*,*
얻,1804,3572,5568,VA,*,T,얻,*,*,*,*
얼들,1804,3572,4035,VA,*,T,얼들,*,*,*,*
얼뜨,1804,3571,4035,VA,*,F,얼뜨,*,*,*,*
얼큰하,1804,3571,4035,VA,*,F,얼큰하,*,*,*,*
얼토당토안하,1804,3571,4035,VA,*,F,얼토당토안하,*,*,*,*
얼토당토않,1804,3572,4774,VA,*,T,얼토당토않,*,*,*,*
엄전스럽,1804,3572,4035,VA,*,T,엄전스럽,*,*,*,*
엄청나,1804,3571,2203,VA,*,F,엄청나,*,*,*,*
엄청스럽,1804,3572,4035,VA,*,T,엄청스럽,*,*,*,*
엄하,1804,3571,3585,VA,*,F,엄하,*,*,*,*
없,1804,3572,1510,VA,*,T,없,*,*,*,*
없다,1804,3571,5520,VA,*,F,없다,*,*,*,*
없잖,1804,3572,4164,VA,*,T,없잖,*,*,*,*
엇지,1804,3571,4035,VA,*,F,엇지,*,*,*,*
엉거주춤하,1804,3571,4035,VA,*,F,엉거주춤하,*,*,*,*
엉뚱스럽,1804,3572,4035,VA,*,T,엉뚱스럽,*,*,*,*
엉성궂,1804,3572,4035,VA,*,T,엉성궂,*,*,*,*
엉성스럽,1804,3572,4035,VA,*,T,엉성스럽,*,*,*,*
엉큼스럽,1804,3572,4035,VA,*,T,엉큼스럽,*,*,*,*
엉터리없,1804,3572,4035,VA,*,T,엉터리없,*,*,*,*
에굽,1804,3572,4040,VA,*,T,에굽,*,*,*,*
에리,1804,3571,4737,VA,*,F,에리,*,*,*,*
엔간하,1804,3571,4035,VA,*,F,엔간하,*,*,*,*
엥간하,1804,3571,4035,VA,*,F,엥간하,*,*,*,*
여깄,1804,3572,3610,VA,*,T,여깄,*,*,*,*
여리,1804,3571,4224,VA,*,F,여리,*,*,*,*
여리디여리,1804,3571,4035,VA,*,F,여리디여리,*,*,*,*
여무지,1804,3571,4035,VA,*,F,여무지,*,*,*,*
여물,1804,3572,4300,VA,*,T,여물,*,*,*,*
여물딱지,1804,3571,4035,VA,*,F,여물딱지,*,*,*,*
여북하,1804,3571,4035,VA,*,F,여북하,*,*,*,*
여뿌,1804,3571,4035,VA,*,F,여뿌,*,*,*,*
여상스럽,1804,3572,4035,VA,*,T,여상스럽,*,*,*,*
여여하,1804,3571,4035,VA,*,F,여여하,*,*,*,*
여유롭,1804,3572,4035,VA,*,T,여유롭,*,*,*,*
여유있,1804,3572,5389,VA,*,T,여유있,*,*,*,*
여의ㅎ,1804,3571,4035,VA,*,F,여의ㅎ,*,*,*,*
여의찮,1804,3572,4035,VA,*,T,여의찮,*,*,*,*
여지없,1804,3572,4042,VA,*,T,여지없,*,*,*,*
여차직하,1804,3571,4035,VA,*,F,여차직하,*,*,*,*
역겨웁,1804,3572,4035,VA,*,T,역겨웁,*,*,*,*
역겹,1804,3572,4035,VA,*,T,역겹,*,*,*,*
역스럽,1804,3572,4035,VA,*,T,역스럽,*,*,*,*
역정스럽,1804,3572,4035,VA,*,T,역정스럽,*,*,*,*
역하,1804,3571,4126,VA,*,F,역하,*,*,*,*
연노랗,1804,3572,4035,VA,*,T,연노랗,*,*,*,*
연붉,1804,3572,4035,VA,*,T,연붉,*,*,*,*
연푸르,1804,3571,4035,VA,*,F,연푸르,*,*,*,*
연하,1804,3571,3313,VA,*,F,연하,*,*,*,*
열광스럽,1804,3572,4035,VA,*,T,열광스럽,*,*,*,*
열따랗,1804,3572,4035,VA,*,T,열따랗,*,*,*,*
열띠,1804,3571,4035,VA,*,F,열띠,*,*,*,*
열없,1804,3572,4057,VA,*,T,열없,*,*,*,*
열적,1804,3572,4041,VA,*,T,열적,*,*,*,*
열쩍,1804,3572,4035,VA,*,T,열쩍,*,*,*,*
열퉁적,1804,3572,4035,VA,*,T,열퉁적,*,*,*,*
열퉁쩍,1804,3572,4035,VA,*,T,열퉁쩍,*,*,*,*
열하,1804,3571,4064,VA,*,F,열하,*,*,*,*
엷,1804,3572,4077,VA,*,T,엷,*,*,*,*
엷붉,1804,3572,4035,VA,*,T,엷붉,*,*,*,*
염치없,1804,3572,4035,VA,*,T,염치없,*,*,*,*
염하,1804,3571,4035,VA,*,F,염하,*,*,*,*
엿같,1804,3572,4035,VA,*,T,엿같,*,*,*,*
영걸스럽,1804,3572,4035,VA,*,T,영걸스럽,*,*,*,*
영검스럽,1804,3572,4035,VA,*,T,영검스럽,*,*,*,*
영락없,1804,3572,3797,VA,*,T,영락없,*,*,*,*
영맹스럽,1804,3572,4035,VA,*,T,영맹스럽,*,*,*,*
영민스럽,1804,3572,4035,VA,*,T,영민스럽,*,*,*,*
영성스럽,1804,3572,4035,VA,*,T,영성스럽,*,*,*,*
영악스럽,1804,3572,4035,VA,*,T,영악스럽,*,*,*,*
영예스럽,1804,3572,4035,VA,*,T,영예스럽,*,*,*,*
영특스럽,1804,3572,4035,VA,*,T,영특스럽,*,*,*,*
영하,1804,3571,3893,VA,*,F,영하,*,*,*,*
영험스럽,1804,3572,4035,VA,*,T,영험스럽,*,*,*,*
옅,1804,3572,4035,VA,*,T,옅,*,*,*,*
옅디옅,1804,3572,4035,VA,*,T,옅디옅,*,*,*,*
예뿌,1804,3571,4035,VA,*,F,예뿌,*,*,*,*
예쁘,1804,3571,3463,VA,*,F,예쁘,*,*,*,*
예쁘장스럽,1804,3572,4035,VA,*,T,예쁘장스럽,*,*,*,*
예쁘장하,1804,3571,4314,VA,*,F,예쁘장하,*,*,*,*
예사스럽,1804,3572,4035,VA,*,T,예사스럽,*,*,*,*
예스럽,1804,3572,4035,VA,*,T,예스럽,*,*,*,*
옛스럽,1804,3572,4035,VA,*,T,옛스럽,*,*,*,*
오달지,1804,3571,4035,VA,*,F,오달지,*,*,*,*
오래,1804,3571,3819,VA,*,F,오래,*,*,*,*
오래되,1804,3571,4344,VA,*,F,오래되,*,*,*,*
오망스럽,1804,3572,4035,VA,*,T,오망스럽,*,*,*,*
오목하,1804,3571,4035,VA,*,F,오목하,*,*,*,*
오방지,1804,3571,4035,VA,*,F,오방지,*,*,*,*
오죽잖,1804,3572,4035,VA,*,T,오죽잖,*,*,*,*
오죽하,1804,3571,4116,VA,*,F,오죽하,*,*,*,*
오지,1804,3571,4769,VA,*,F,오지,*,*,*,*
옥,1804,3572,5513,VA,*,T,옥,*,*,*,*
온데간데없,1804,3572,5017,VA,*,T,온데간데없,*,*,*,*
온유스럽,1804,3572,4035,VA,*,T,온유스럽,*,*,*,*
온화롭,1804,3572,4035,VA,*,T,온화롭,*,*,*,*
온화스럽,1804,3572,4035,VA,*,T,온화스럽,*,*,*,*
온후스럽,1804,3572,4035,VA,*,T,온후스럽,*,*,*,*
올곧,1804,3572,4035,VA,*,T,올곧,*,*,*,*
올곧잖,1804,3572,4035,VA,*,T,올곧잖,*,*,*,*
올바르,1804,3571,3573,VA,*,F,올바르,*,*,*,*
올차,1804,3571,4035,VA,*,F,올차,*,*,*,*
옳,1804,3572,3515,VA,*,T,옳,*,*,*,*
옳바르,1804,3571,4035,VA,*,F,옳바르,*,*,*,*
옴팡지,1804,3571,4035,VA,*,F,옴팡지,*,*,*,*
옹골지,1804,3571,4035,VA,*,F,옹골지,*,*,*,*
옹골차,1804,3571,4035,VA,*,F,옹골차,*,*,*,*
옹글,1804,3572,4035,VA,*,T,옹글,*,*,*,*
옹색스럽,1804,3572,4035,VA,*,T,옹색스럽,*,*,*,*
옹졸스럽,1804,3572,4035,VA,*,T,옹졸스럽,*,*,*,*
옹차,1804,3571,4035,VA,*,F,옹차,*,*,*,*
왁살스럽,1804,3572,4035,VA,*,T,왁살스럽,*,*,*,*
완고스럽,1804,3572,4035,VA,*,T,완고스럽,*,*,*,*
완만스럽,1804,3572,4035,VA,*,T,완만스럽,*,*,*,*
완벽스럽,1804,3572,4035,VA,*,T,완벽스럽,*,*,*,*
왜퉁스럽,1804,3572,4035,VA,*,T,왜퉁스럽,*,*,*,*
외,1804,3571,6413,VA,*,F,외,*,*,*,*
외경스럽,1804,3572,4035,VA,*,T,외경스럽,*,*,*,*
외따롭,1804,3572,4035,VA,*,T,외따롭,*,*,*,*
외람되,1804,3571,4035,VA,*,F,외람되,*,*,*,*
외람스럽,1804,3572,4035,VA,*,T,외람스럽,*,*,*,*
외롭,1804,3572,2868,VA,*,T,외롭,*,*,*,*
외지,1804,3571,4044,VA,*,F,외지,*,*,*,*
요기스럽,1804,3572,4035,VA,*,T,요기스럽,*,*,*,*
요란스럽,1804,3572,4479,VA,*,T,요란스럽,*,*,*,*
요렇,1804,3572,5506,VA,*,T,요렇,*,*,*,*
요망스럽,1804,3572,4035,VA,*,T,요망스럽,*,*,*,*
요사스럽,1804,3572,4035,VA,*,T,요사스럽,*,*,*,*
요상스럽,1804,3572,4035,VA,*,T,요상스럽,*,*,*,*
요상하,1804,3571,4035,VA,*,F,요상하,*,*,*,*
요상허,1804,3571,4035,VA,*,F,요상허,*,*,*,*
요행스럽,1804,3572,4035,VA,*,T,요행스럽,*,*,*,*
용감스럽,1804,3572,4035,VA,*,T,용감스럽,*,*,*,*
용렬스럽,1804,3572,4035,VA,*,T,용렬스럽,*,*,*,*
용천맞,1804,3572,4035,VA,*,T,용천맞,*,*,*,*
용천스럽,1804,3572,4035,VA,*,T,용천스럽,*,*,*,*
용하,1804,3571,4533,VA,*,F,용하,*,*,*,*
용허,1804,3571,4037,VA,*,F,용허,*,*,*,*
우둔스럽,1804,3572,4035,VA,*,T,우둔스럽,*,*,*,*
우람스럽,1804,3572,4035,VA,*,T,우람스럽,*,*,*,*
우람지,1804,3571,4035,VA,*,F,우람지,*,*,*,*
우람차,1804,3571,4035,VA,*,F,우람차,*,*,*,*
우렁차,1804,3571,3742,VA,*,F,우렁차,*,*,*,*
우리하,1804,3571,4045,VA,*,F,우리하,*,*,*,*
우섭,1804,3572,4035,VA,*,T,우섭,*,*,*,*
우세스럽,1804,3572,4035,VA,*,T,우세스럽,*,*,*,*
우수꽝스럽,1804,3572,4035,VA,*,T,우수꽝스럽,*,*,*,*
우숩,1804,3572,4035,VA,*,T,우숩,*,*,*,*
우스꽝스럽,1804,3572,4035,VA,*,T,우스꽝스럽,*,*,*,*
우습,1804,3572,2931,VA,*,T,우습,*,*,*,*
우습광스럽,1804,3572,4035,VA,*,T,우습광스럽,*,*,*,*
우습꽝스럽,1804,3572,4035,VA,*,T,우습꽝스럽,*,*,*,*
우아스럽,1804,3572,4035,VA,*,T,우아스럽,*,*,*,*
우악스럽,1804,3572,4035,VA,*,T,우악스럽,*,*,*,*
우연찮,1804,3572,3908,VA,*,T,우연찮,*,*,*,*
우중충하,1804,3571,4035,VA,*,F,우중충하,*,*,*,*
우직스럽,1804,3572,4035,VA,*,T,우직스럽,*,*,*,*
우쭈렁하,1804,3571,4035,VA,*,F,우쭈렁하,*,*,*,*
우하,1804,3571,4101,VA,*,F,우하,*,*,*,*
욱,1804,3572,5431,VA,*,T,욱,*,*,*,*
움푹지,1804,3571,4035,VA,*,F,움푹지,*,*,*,*
웁,1804,3572,4051,VA,*,T,웁,*,*,*,*
웂,1804,3572,4035,VA,*,T,웂,*,*,*,*
웃,1804,3572,7042,VA,*,T,웃,*,*,*,*
웅숭깊,1804,3572,4035,VA,*,T,웅숭깊,*,*,*,*
워떻,1804,3572,4035,VA,*,T,워떻,*,*,*,*
워뗳,1804,3572,4035,VA,*,T,워뗳,*,*,*,*
웬간하,1804,3571,4035,VA,*,F,웬간하,*,*,*,*
위두하,1804,3571,4035,VA,*,F,위두하,*,*,*,*
위풍스럽,1804,3572,4035,VA,*,T,위풍스럽,*,*,*,*
유난스럽,1804,3572,4035,VA,*,T,유난스럽,*,*,*,*
유다르,1804,3571,4035,VA,*,F,유다르,*,*,*,*
유례없,1804,3572,3638,VA,*,T,유례없,*,*,*,*
유머러스하,1804,3571,4158,VA,*,F,유머러스하,*,*,*,*
유별나,1804,3571,4069,VA,*,F,유별나,*,*,*,*
유별스럽,1804,3572,4035,VA,*,T,유별스럽,*,*,*,*
유하,1804,3571,4528,VA,*,F,유하,*,*,*,*
육중스럽,1804,3572,4035,VA,*,T,육중스럽,*,*,*,*
으딨,1804,3572,4035,VA,*,T,으딨,*,*,*,*
으떻,1804,3572,4035,VA,*,T,으떻,*,*,*,*
으뜨,1804,3571,4035,VA,*,F,으뜨,*,*,*,*
으스름하,1804,3571,4040,VA,*,F,으스름하,*,*,*,*
은근스럽,1804,3572,4035,VA,*,T,은근스럽,*,*,*,*
은밀스럽,1804,3572,4035,VA,*,T,은밀스럽,*,*,*,*
을씨년스럽,1804,3572,4035,VA,*,T,을씨년스럽,*,*,*,*
을씨년하,1804,3571,4035,VA,*,F,을씨년하,*,*,*,*
음산스럽,1804,3572,4035,VA,*,T,음산스럽,*,*,*,*
음충맞,1804,3572,4035,VA,*,T,음충맞,*,*,*,*
음침스럽,1804,3572,4035,VA,*,T,음침스럽,*,*,*,*
음하,1804,3571,4154,VA,*,F,음하,*,*,*,*
음흉스럽,1804,3572,4035,VA,*,T,음흉스럽,*,*,*,*
읎,1804,3572,3712,VA,*,T,읎,*,*,*,*
응달지,1804,3571,4035,VA,*,F,응달지,*,*,*,*
의롭,1804,3572,3504,VA,*,T,의롭,*,*,*,*
의뭉스럽,1804,3572,4035,VA,*,T,의뭉스럽,*,*,*,*
의심쩍,1804,3572,4035,VA,*,T,의심쩍,*,*,*,*
의아롭,1804,3572,4035,VA,*,T,의아롭,*,*,*,*
의아스럽,1804,3572,4035,VA,*,T,의아스럽,*,*,*,*
의젓잖,1804,3572,4035,VA,*,T,의젓잖,*,*,*,*
의좋,1804,3572,4046,VA,*,T,의좋,*,*,*,*
이,1804,3571,8065,VA,*,F,이,*,*,*,*
이러,1804,3571,5277,VA,*,F,이러,*,*,*,*
이러이러하,1804,3571,4035,VA,*,F,이러이러하,*,*,*,*
이러저러하,1804,3571,4035,VA,*,F,이러저러하,*,*,*,*
이러저렇,1804,3572,4035,VA,*,T,이러저렇,*,*,*,*
이러하,1804,3571,4142,VA,*,F,이러하,*,*,*,*
이렇,1804,3572,3233,VA,*,T,이렇,*,*,*,*
이롭,1804,3572,5055,VA,*,T,이롭,*,*,*,*
이르,1804,3571,4226,VA,*,F,이르,*,*,*,*
이르렇,1804,3572,4035,VA,*,T,이르렇,*,*,*,*
이릏,1804,3572,4035,VA,*,T,이릏,*,*,*,*
이물스럽,1804,3572,4035,VA,*,T,이물스럽,*,*,*,*
이쁘,1804,3571,3038,VA,*,F,이쁘,*,*,*,*
이쁘장스럽,1804,3572,4035,VA,*,T,이쁘장스럽,*,*,*,*
이상스럽,1804,3572,4074,VA,*,T,이상스럽,*,*,*,*
이악스럽,1804,3572,4035,VA,*,T,이악스럽,*,*,*,*
이옇,1804,3572,4035,VA,*,T,이옇,*,*,*,*
이윽하,1804,3571,4035,VA,*,F,이윽하,*,*,*,*
이지랑스럽,1804,3572,4035,VA,*,T,이지랑스럽,*,*,*,*
이지러,1804,3571,3070,VA,*,F,이지러,*,*,*,*
이채롭,1804,3572,4035,VA,*,T,이채롭,*,*,*,*
익,1804,3572,6091,VA,*,T,익,*,*,*,*
익살맞,1804,3572,4035,VA,*,T,익살맞,*,*,*,*
인상깊,1804,3572,4744,VA,*,T,인상깊,*,*,*,*
인자스럽,1804,3572,4035,VA,*,T,인자스럽,*,*,*,*
인정사정없,1804,3572,4035,VA,*,T,인정사정없,*,*,*,*
일매지,1804,3571,4035,VA,*,F,일매지,*,*,*,*
일없,1804,3572,5072,VA,*,T,일없,*,*,*,*
읽,1804,3572,4967,VA,*,T,읽,*,*,*,*
입,1804,3572,7363,VA,*,T,입,*,*,*,*
입바르,1804,3571,4035,VA,*,F,입바르,*,*,*,*
입빠르,1804,3571,4035,VA,*,F,입빠르,*,*,*,*
잇,1804,3572,4789,VA,*,T,잇,*,*,*,*
있,1804,3572,1320,VA,*,T,있,*,*,*,*
자,1804,3571,7207,VA,*,F,자,*,*,*,*
자그럽,1804,3572,4035,VA,*,T,자그럽,*,*,*,*
자그맣,1804,3572,4035,VA,*,T,자그맣,*,*,*,*
자깝스럽,1804,3572,4035,VA,*,T,자깝스럽,*,*,*,*
자다랗,1804,3572,4035,VA,*,T,자다랗,*,*,*,*
자디잘,1804,3572,4035,VA,*,T,자디잘,*,*,*,*
자리,1804,3571,4809,VA,*,F,자리,*,*,*,*
자발스럽,1804,3572,4035,VA,*,T,자발스럽,*,*,*,*
자발없,1804,3572,4035,VA,*,T,자발없,*,*,*,*
자별나,1804,3571,4035,VA,*,F,자별나,*,*,*,*
자상스럽,1804,3572,4035,VA,*,T,자상스럽,*,*,*,*
자알나,1804,3571,4035,VA,*,F,자알나,*,*,*,*
자애롭,1804,3572,4035,VA,*,T,자애롭,*,*,*,*
자유롭,1804,3572,4904,VA,*,T,자유롭,*,*,*,*
자자분하,1804,3571,4035,VA,*,F,자자분하,*,*,*,*
자잔하,1804,3571,4035,VA,*,F,자잔하,*,*,*,*
자혜롭,1804,3572,4035,VA,*,T,자혜롭,*,*,*,*
작,1804,3572,3309,VA,*,T,작,*,*,*,*
작다랗,1804,3572,4035,VA,*,T,작다랗,*,*,*,*
작디작,1804,3572,4035,VA,*,T,작디작,*,*,*,*
잔망스럽,1804,3572,4035,VA,*,T,잔망스럽,*,*,*,*
잔밉,1804,3572,4035,VA,*,T,잔밉,*,*,*,*
잔인스럽,1804,3572,4035,VA,*,T,잔인스럽,*,*,*,*
잔조름하,1804,3571,4035,VA,*,F,잔조름하,*,*,*,*
잗다랗,1804,3572,4035,VA,*,T,잗다랗,*,*,*,*
잗닿,1804,3572,4035,VA,*,T,잗닿,*,*,*,*
잘,1804,3572,4315,VA,*,T,잘,*,*,*,*
잘나,1804,3571,3071,VA,*,F,잘나,*,*,*,*
잘다랗,1804,3572,4035,VA,*,T,잘다랗,*,*,*,*
잘디잘,1804,3572,4035,VA,*,T,잘디잘,*,*,*,*
잘룩하,1804,3571,4035,VA,*,F,잘룩하,*,*,*,*
잘빠지,1804,3571,4035,VA,*,F,잘빠지,*,*,*,*
잘생기,1804,3571,3545,VA,*,F,잘생기,*,*,*,*
잡되,1804,3571,3526,VA,*,F,잡되,*,*,*,*
잡상스럽,1804,3572,4035,VA,*,T,잡상스럽,*,*,*,*
잡스럽,1804,3572,4035,VA,*,T,잡스럽,*,*,*,*
장하,1804,3571,4856,VA,*,F,장하,*,*,*,*
장허,1804,3571,4035,VA,*,F,장허,*,*,*,*
장황스럽,1804,3572,4035,VA,*,T,장황스럽,*,*,*,*
잦,1804,3572,3759,VA,*,T,잦,*,*,*,*
재,1804,3571,5969,VA,*,F,재,*,*,*,*
재그럽,1804,3572,4035,VA,*,T,재그럽,*,*,*,*
재미나,1804,3571,4035,VA,*,F,재미나,*,*,*,*
재미없,1804,3572,3824,VA,*,T,재미없,*,*,*,*
재미있,1804,3572,3217,VA,*,T,재미있,*,*,*,*
재밌,1804,3572,2028,VA,*,T,재밌,*,*,*,*
재바르,1804,3571,4035,VA,*,F,재바르,*,*,*,*
재빠르,1804,3571,4011,VA,*,F,재빠르,*,*,*,*
재사스럽,1804,3572,4035,VA,*,T,재사스럽,*,*,*,*
재수없,1804,3572,4028,VA,*,T,재수없,*,*,*,*
재싸,1804,3571,4035,VA,*,F,재싸,*,*,*,*
잽싸,1804,3571,4022,VA,*,F,잽싸,*,*,*,*
쟁그랍,1804,3572,4035,VA,*,T,쟁그랍,*,*,*,*
쟁그럽,1804,3572,4035,VA,*,T,쟁그럽,*,*,*,*
저깄,1804,3572,4035,VA,*,T,저깄,*,*,*,*
저떻,1804,3572,4035,VA,*,T,저떻,*,*,*,*
저러,1804,3571,4624,VA,*,F,저러,*,*,*,*
저러하,1804,3571,4035,VA,*,F,저러하,*,*,*,*
저렇,1804,3572,5152,VA,*,T,저렇,*,*,*,*
저리,1804,3571,3543,VA,*,F,저리,*,*,*,*
저질스럽,1804,3572,4035,VA,*,T,저질스럽,*,*,*,*
적,1804,3572,3832,VA,*,T,적,*,*,*,*
적막스럽,1804,3572,4035,VA,*,T,적막스럽,*,*,*,*
적요롭,1804,3572,4035,VA,*,T,적요롭,*,*,*,*
적잖,1804,3572,3914,VA,*,T,적잖,*,*,*,*
젊,1804,3572,4627,VA,*,T,젊,*,*,*,*
젊디젊,1804,3572,4035,VA,*,T,젊디젊,*,*,*,*
젊잖,1804,3572,4035,VA,*,T,젊잖,*,*,*,*
점잖,1804,3572,3606,VA,*,T,점잖,*,*,*,*
정갈스럽,1804,3572,3164,VA,*,T,정갈스럽,*,*,*,*
정겨웁,1804,3572,4035,VA,*,T,정겨웁,*,*,*,*
정겹,1804,3572,4035,VA,*,T,정겹,*,*,*,*
정교롭,1804,3572,4035,VA,*,T,정교롭,*,*,*,*
정답,1804,3572,4260,VA,*,T,정답,*,*,*,*
정신없,1804,3572,3489,VA,*,T,정신없,*,*,*,*
정예롭,1804,3572,4035,VA,*,T,정예롭,*,*,*,*
정하,1804,3571,4772,VA,*,F,정하,*,*,*,*
젖,1804,3572,5053,VA,*,T,젖,*,*,*,*
조,1804,3571,6727,VA,*,F,조,*,*,*,*
조고맣,1804,3572,4035,VA,*,T,조고맣,*,*,*,*
조그만씩하,1804,3571,4035,VA,*,F,조그만씩하,*,*,*,*
조그만하,1804,3571,4035,VA,*,F,조그만하,*,*,*,*
조그많,1804,3572,4035,VA,*,T,조그많,*,*,*,*
조그맣,1804,3572,4035,VA,*,T,조그맣,*,*,*,*
조렇,1804,3572,4035,VA,*,T,조렇,*,*,*,*
조마조마하,1804,3571,4035,VA,*,F,조마조마하,*,*,*,*
조붓하,1804,3571,4035,VA,*,F,조붓하,*,*,*,*
조신스럽,1804,3572,4035,VA,*,T,조신스럽,*,*,*,*
조악스럽,1804,3572,4035,VA,*,T,조악스럽,*,*,*,*
조야스럽,1804,3572,4035,VA,*,T,조야스럽,*,*,*,*
조옷,1804,3572,4035,VA,*,T,조옷,*,*,*,*
조옿,1804,3572,4035,VA,*,T,조옿,*,*,*,*
조잡스럽,1804,3572,4035,VA,*,T,조잡스럽,*,*,*,*
족,1804,3572,6192,VA,*,T,족,*,*,*,*
족하,1804,3571,3503,VA,*,F,족하,*,*,*,*
존,1804,3572,5556,VA,*,T,존,*,*,*,*
졸리,1804,3571,4174,VA,*,F,졸리,*,*,*,*
졸립,1804,3572,4035,VA,*,T,졸립,*,*,*,*
좀되,1804,3571,4081,VA,*,F,좀되,*,*,*,*
좀상스럽,1804,3572,4035,VA,*,T,좀상스럽,*,*,*,*
좀스럽,1804,3572,4035,VA,*,T,좀스럽,*,*,*,*
좁,1804,3572,3110,VA,*,T,좁,*,*,*,*
좁다랗,1804,3572,4035,VA,*,T,좁다랗,*,*,*,*
좁디좁,1804,3572,4035,VA,*,T,좁디좁,*,*,*,*
좁아터지,1804,3571,4035,VA,*,F,좁아터지,*,*,*,*
종요롭,1804,3572,4035,VA,*,T,종요롭,*,*,*,*
좆같,1804,3572,3809,VA,*,T,좆같,*,*,*,*
좆나,1804,3571,3773,VA,*,F,좆나,*,*,*,*
좋,1804,3572,1131,VA,*,T,좋,*,*,*,*
좋아하,1804,3571,5035,VA,*,F,좋아하,*,*,*,*
좋찮,1804,3572,4035,VA,*,T,좋찮,*,*,*,*
죄꼬맣,1804,3572,4035,VA,*,T,죄꼬맣,*,*,*,*
죄송스럽,1804,3572,4220,VA,*,T,죄송스럽,*,*,*,*
죠,1804,3571,5280,VA,*,F,죠,*,*,*,*
주되,1804,3571,4258,VA,*,F,주되,*,*,*,*
주옥같,1804,3572,4035,VA,*,T,주옥같,*,*,*,*
주의깊,1804,3572,4035,VA,*,T,주의깊,*,*,*,*
주제넘,1804,3572,4035,VA,*,T,주제넘,*,*,*,*
주착없,1804,3572,4035,VA,*,T,주착없,*,*,*,*
주책없,1804,3572,4039,VA,*,T,주책없,*,*,*,*
주체스럽,1804,3572,4035,VA,*,T,주체스럽,*,*,*,*
줄,1804,3572,5983,VA,*,T,줄,*,*,*,*
줄기차,1804,3571,3424,VA,*,F,줄기차,*,*,*,*
중뿔나,1804,3571,4035,VA,*,F,중뿔나,*,*,*,*
중하,1804,3571,4001,VA,*,F,중하,*,*,*,*
중허,1804,3571,4035,VA,*,F,중허,*,*,*,*
즉,1804,3572,4348,VA,*,T,즉,*,*,*,*
즐거웁,1804,3572,4035,VA,*,T,즐거웁,*,*,*,*
즐겁,1804,3572,3221,VA,*,T,즐겁,*,*,*,*
즐기차,1804,3571,4035,VA,*,F,즐기차,*,*,*,*
즘잖,1804,3572,4035,VA,*,T,즘잖,*,*,*,*
증하,1804,3571,4132,VA,*,F,증하,*,*,*,*
지,1804,3571,8581,VA,*,F,지,*,*,*,*
지각없,1804,3572,4035,VA,*,T,지각없,*,*,*,*
지겹,1804,3572,3950,VA,*,T,지겹,*,*,*,*
지극스럽,1804,3572,4035,VA,*,T,지극스럽,*,*,*,*
지긋지긋하,1804,3571,4035,VA,*,F,지긋지긋하,*,*,*,*
지나치,1804,3571,1998,VA,*,F,지나치,*,*,*,*
지대,1804,3571,3286,VA,*,F,지대,*,*,*,*
지더리적,1804,3572,4035,VA,*,T,지더리적,*,*,*,*
지독스럽,1804,3572,4035,VA,*,T,지독스럽,*,*,*,*
지랄같,1804,3572,4035,VA,*,T,지랄같,*,*,*,*
지리,1804,3571,4903,VA,*,F,지리,*,*,*,*
지리하,1804,3571,4035,VA,*,F,지리하,*,*,*,*
지성스럽,1804,3572,4035,VA,*,T,지성스럽,*,*,*,*
지악스럽,1804,3572,4035,VA,*,T,지악스럽,*,*,*,*
지저분스럽,1804,3572,4035,VA,*,T,지저분스럽,*,*,*,*
진배없,1804,3572,4035,VA,*,T,진배없,*,*,*,*
진실되,1804,3571,4200,VA,*,F,진실되,*,*,*,*
진정하,1804,3571,4169,VA,*,F,진정하,*,*,*,*
진푸르,1804,3571,4035,VA,*,F,진푸르,*,*,*,*
진하,1804,3571,3360,VA,*,F,진하,*,*,*,*
질,1804,3572,6294,VA,*,T,질,*,*,*,*
질기,1804,3571,4035,VA,*,F,질기,*,*,*,*
질탕스럽,1804,3572,4035,VA,*,T,질탕스럽,*,*,*,*
질퍽지,1804,3571,4035,VA,*,F,질퍽지,*,*,*,*
집,1804,3572,6709,VA,*,T,집,*,*,*,*
집지,1804,3571,4129,VA,*,F,집지,*,*,*,*
짓궂,1804,3572,3996,VA,*,T,짓궂,*,*,*,*
짓꿎,1804,3572,4035,VA,*,T,짓꿎,*,*,*,*
징그랍,1804,3572,4035,VA,*,T,징그랍,*,*,*,*
징그랗,1804,3572,4035,VA,*,T,징그랗,*,*,*,*
징그럽,1804,3572,4034,VA,*,T,징그럽,*,*,*,*
징글맞,1804,3572,4035,VA,*,T,징글맞,*,*,*,*
징글스럽,1804,3572,4035,VA,*,T,징글스럽,*,*,*,*
징하,1804,3571,4109,VA,*,F,징하,*,*,*,*
징허,1804,3571,4035,VA,*,F,징허,*,*,*,*
짖궂,1804,3572,4035,VA,*,T,짖궂,*,*,*,*
짙,1804,3572,2483,VA,*,T,짙,*,*,*,*
짙노랗,1804,3572,4035,VA,*,T,짙노랗,*,*,*,*
짙디짙,1804,3572,4035,VA,*,T,짙디짙,*,*,*,*
짙붉,1804,3572,4035,VA,*,T,짙붉,*,*,*,*
짙푸르,1804,3571,4035,VA,*,F,짙푸르,*,*,*,*
짙푸르르,1804,3571,4035,VA,*,F,짙푸르르,*,*,*,*
짚,1804,3572,5073,VA,*,T,짚,*,*,*,*
짜,1804,3571,5316,VA,*,F,짜,*,*,*,*
짜디짜,1804,3571,4035,VA,*,F,짜디짜,*,*,*,*
짜르,1804,3571,4413,VA,*,F,짜르,*,*,*,*
짜잔하,1804,3571,4035,VA,*,F,짜잔하,*,*,*,*
짜하,1804,3571,4035,VA,*,F,짜하,*,*,*,*
짝,1804,3572,4908,VA,*,T,짝,*,*,*,*
짠하,1804,3571,3966,VA,*,F,짠하,*,*,*,*
짤따랗,1804,3572,4035,VA,*,T,짤따랗,*,*,*,*
짤루,1804,3571,4035,VA,*,F,짤루,*,*,*,*
짧,1804,3572,1934,VA,*,T,짧,*,*,*,*
짧디짧,1804,3572,4035,VA,*,T,짧디짧,*,*,*,*
짬짬하,1804,3571,4035,VA,*,F,짬짬하,*,*,*,*
째그맣,1804,3572,4019,VA,*,T,째그맣,*,*,*,*
째지,1804,3571,4414,VA,*,F,째지,*,*,*,*
째째하,1804,3571,4035,VA,*,F,째째하,*,*,*,*
쨍하,1804,3571,4502,VA,*,F,쨍하,*,*,*,*
쩔,1804,3572,4051,VA,*,T,쩔,*,*,*,*
쪼그맣,1804,3572,4034,VA,*,T,쪼그맣,*,*,*,*
쪼꼬마,1804,3571,4035,VA,*,F,쪼꼬마,*,*,*,*
쪼끄맣,1804,3572,4035,VA,*,T,쪼끄맣,*,*,*,*
쪼잖하,1804,3571,4035,VA,*,F,쪼잖하,*,*,*,*
쫀쫀하,1804,3571,4035,VA,*,F,쫀쫀하,*,*,*,*
쬐그맣,1804,3572,4035,VA,*,T,쬐그맣,*,*,*,*
쬐끄만하,1804,3571,4035,VA,*,F,쬐끄만하,*,*,*,*
쬐끄맣,1804,3572,4035,VA,*,T,쬐끄맣,*,*,*,*
찌릇하,1804,3571,4035,VA,*,F,찌릇하,*,*,*,*
찌릿하,1804,3571,4035,VA,*,F,찌릿하,*,*,*,*
찌뿌두둥하,1804,3571,4035,VA,*,F,찌뿌두둥하,*,*,*,*
찌뿌둥하,1804,3571,4035,VA,*,F,찌뿌둥하,*,*,*,*
찐하,1804,3571,4035,VA,*,F,찐하,*,*,*,*
찡하,1804,3571,4174,VA,*,F,찡하,*,*,*,*
차,1804,3571,5318,VA,*,F,차,*,*,*,*
차갑,1804,3572,4009,VA,*,T,차갑,*,*,*,*
차겁,1804,3572,4035,VA,*,T,차겁,*,*,*,*
차디차,1804,3571,4035,VA,*,F,차디차,*,*,*,*
차지,1804,3571,3319,VA,*,F,차지,*,*,*,*
차질,1804,3572,3935,VA,*,T,차질,*,*,*,*
착하,1804,3571,3196,VA,*,F,착하,*,*,*,*
착허,1804,3571,4035,VA,*,F,착허,*,*,*,*
찬연스럽,1804,3572,4035,VA,*,T,찬연스럽,*,*,*,*
찰지,1804,3571,4035,VA,*,F,찰지,*,*,*,*
참담스럽,1804,3572,4035,VA,*,T,참담스럽,*,*,*,*
참답,1804,3572,4040,VA,*,T,참답,*,*,*,*
참되,1804,3571,4053,VA,*,F,참되,*,*,*,*
참람스럽,1804,3572,4035,VA,*,T,참람스럽,*,*,*,*
참하,1804,3571,4232,VA,*,F,참하,*,*,*,*
찹,1804,3572,4169,VA,*,T,찹,*,*,*,*
찹찹하,1804,3571,4035,VA,*,F,찹찹하,*,*,*,*
창의롭,1804,3572,4035,VA,*,T,창의롭,*,*,*,*
찾,1804,3572,6304,VA,*,T,찾,*,*,*,*
채신머리없,1804,3572,4002,VA,*,T,채신머리없,*,*,*,*
채신사납,1804,3572,4035,VA,*,T,채신사납,*,*,*,*
처량스럽,1804,3572,4035,VA,*,T,처량스럽,*,*,*,*
처신사납,1804,3572,4035,VA,*,T,처신사납,*,*,*,*
처연스럽,1804,3572,4035,VA,*,T,처연스럽,*,*,*,*
척하,1804,3571,4055,VA,*,F,척하,*,*,*,*
천덕스럽,1804,3572,4035,VA,*,T,천덕스럽,*,*,*,*
천박스럽,1804,3572,4035,VA,*,T,천박스럽,*,*,*,*
천연덕스럽,1804,3572,4035,VA,*,T,천연덕스럽,*,*,*,*
천연스럽,1804,3572,4035,VA,*,T,천연스럽,*,*,*,*
천진스럽,1804,3572,4035,VA,*,T,천진스럽,*,*,*,*
천하,1804,3571,3128,VA,*,F,천하,*,*,*,*
천허,1804,3571,4035,VA,*,F,천허,*,*,*,*
철겹,1804,3572,4035,VA,*,T,철겹,*,*,*,*
철벽같,1804,3572,4035,VA,*,T,철벽같,*,*,*,*
철석같,1804,3572,4036,VA,*,T,철석같,*,*,*,*
철없,1804,3572,3905,VA,*,T,철없,*,*,*,*
철통같,1804,3572,4035,VA,*,T,철통같,*,*,*,*
청승맞,1804,3572,4035,VA,*,T,청승맞,*,*,*,*
청승스럽,1804,3572,4035,VA,*,T,청승스럽,*,*,*,*
초라스럽,1804,3572,4035,VA,*,T,초라스럽,*,*,*,*
초롱초롱하,1804,3571,4711,VA,*,F,초롱초롱하,*,*,*,*
초조롭,1804,3572,4035,VA,*,T,초조롭,*,*,*,*
초조스럽,1804,3572,4035,VA,*,T,초조스럽,*,*,*,*
촌스럽,1804,3572,4035,VA,*,T,촌스럽,*,*,*,*
촌시럽,1804,3572,4035,VA,*,T,촌시럽,*,*,*,*
추물스럽,1804,3572,4035,VA,*,T,추물스럽,*,*,*,*
추악스럽,1804,3572,4035,VA,*,T,추악스럽,*,*,*,*
추잡스럽,1804,3572,4035,VA,*,T,추잡스럽,*,*,*,*
추접스럽,1804,3572,4035,VA,*,T,추접스럽,*,*,*,*
추지,1804,3571,4048,VA,*,F,추지,*,*,*,*
추하,1804,3571,4060,VA,*,F,추하,*,*,*,*
출중나,1804,3571,4035,VA,*,F,출중나,*,*,*,*
춥,1804,3572,3447,VA,*,T,춥,*,*,*,*
충직스럽,1804,3572,4035,VA,*,T,충직스럽,*,*,*,*
측은스럽,1804,3572,4035,VA,*,T,측은스럽,*,*,*,*
치사스럽,1804,3572,4035,VA,*,T,치사스럽,*,*,*,*
치신사납,1804,3572,4035,VA,*,T,치신사납,*,*,*,*
치우,1804,3571,4604,VA,*,F,치우,*,*,*,*
치째지,1804,3571,4035,VA,*,F,치째지,*,*,*,*
친하,1804,3571,2127,VA,*,F,친하,*,*,*,*
칠칠맞,1804,3572,4035,VA,*,T,칠칠맞,*,*,*,*
칠칠찮,1804,3572,4035,VA,*,T,칠칠찮,*,*,*,*
침통스럽,1804,3572,4035,VA,*,T,침통스럽,*,*,*,*
칩,1804,3572,4351,VA,*,T,칩,*,*,*,*
캄캄하,1804,3571,4035,VA,*,F,캄캄하,*,*,*,*
커다랗,1804,3572,4035,VA,*,T,커다랗,*,*,*,*
커닿,1804,3572,4035,VA,*,T,커닿,*,*,*,*
케케묵,1804,3572,4035,VA,*,T,케케묵,*,*,*,*
켸켸묵,1804,3572,4035,VA,*,T,켸켸묵,*,*,*,*
쾌쾌하,1804,3571,4035,VA,*,F,쾌쾌하,*,*,*,*
쾌하,1804,3571,4038,VA,*,F,쾌하,*,*,*,*
쾡하,1804,3571,4035,VA,*,F,쾡하,*,*,*,*
쿠리,1804,3571,4035,VA,*,F,쿠리,*,*,*,*
쿨하,1804,3571,4035,VA,*,F,쿨하,*,*,*,*
쿰쿰하,1804,3571,4035,VA,*,F,쿰쿰하,*,*,*,*
퀭하,1804,3571,4048,VA,*,F,퀭하,*,*,*,*
크,1804,3571,3277,VA,*,F,크,*,*,*,*
크나크,1804,3571,4035,VA,*,F,크나크,*,*,*,*
크다랗,1804,3572,4035,VA,*,T,크다랗,*,*,*,*
크단하,1804,3571,4035,VA,*,F,크단하,*,*,*,*
크디크,1804,3571,4035,VA,*,F,크디크,*,*,*,*
큰일나,1804,3571,4035,VA,*,F,큰일나,*,*,*,*
타이트하,1804,3571,4035,VA,*,F,타이트하,*,*,*,*
탁하,1804,3571,4051,VA,*,F,탁하,*,*,*,*
탐스럽,1804,3572,4417,VA,*,T,탐스럽,*,*,*,*
탐탁스럽,1804,3572,4035,VA,*,T,탐탁스럽,*,*,*,*
태연스럽,1804,3572,4035,VA,*,T,태연스럽,*,*,*,*
태평스럽,1804,3572,4035,VA,*,T,태평스럽,*,*,*,*
터무니없,1804,3572,3505,VA,*,T,터무니없,*,*,*,*
턱없,1804,3572,4038,VA,*,T,턱없,*,*,*,*
텀턱시럽,1804,3572,4035,VA,*,T,텀턱시럽,*,*,*,*
통쾌스럽,1804,3572,4035,VA,*,T,통쾌스럽,*,*,*,*
통탄스럽,1804,3572,4035,VA,*,T,통탄스럽,*,*,*,*
투명스럽,1804,3572,4035,VA,*,T,투명스럽,*,*,*,*
투박스럽,1804,3572,4035,VA,*,T,투박스럽,*,*,*,*
투텁,1804,3572,4035,VA,*,T,투텁,*,*,*,*
툭박지,1804,3571,4035,VA,*,F,툭박지,*,*,*,*
퉁글,1804,3572,4035,VA,*,T,퉁글,*,*,*,*
퉁망스럽,1804,3572,4035,VA,*,T,퉁망스럽,*,*,*,*
퉁명스럽,1804,3572,4319,VA,*,T,퉁명스럽,*,*,*,*
특별나,1804,3571,4035,VA,*,F,특별나,*,*,*,*
특출나,1804,3571,4028,VA,*,F,특출나,*,*,*,*
틀리,1804,3571,3543,VA,*,F,틀리,*,*,*,*
틀림없,1804,3572,3479,VA,*,T,틀림없,*,*,*,*
틀지,1804,3571,4204,VA,*,F,틀지,*,*,*,*
틉틉허,1804,3571,4035,VA,*,F,틉틉허,*,*,*,*
티껍,1804,3572,4035,VA,*,T,티껍,*,*,*,*
파랗,1804,3572,4137,VA,*,T,파랗,*,*,*,*
파렴치스럽,1804,3572,4035,VA,*,T,파렴치스럽,*,*,*,*
파아랗,1804,3572,4035,VA,*,T,파아랗,*,*,*,*
판설,1804,3572,4035,VA,*,T,판설,*,*,*,*
패,1804,3571,5398,VA,*,F,패,*,*,*,*
패악스럽,1804,3572,4035,VA,*,T,패악스럽,*,*,*,*
퍼렇,1804,3572,4045,VA,*,T,퍼렇,*,*,*,*
퍼르스름하,1804,3571,4035,VA,*,F,퍼르스름하,*,*,*,*
퍼어렇,1804,3572,4035,VA,*,T,퍼어렇,*,*,*,*
펀펀하,1804,3571,4035,VA,*,F,펀펀하,*,*,*,*
펑퍼지,1804,3571,4035,VA,*,F,펑퍼지,*,*,*,*
펜허,1804,3571,4035,VA,*,F,펜허,*,*,*,*
편ㅎ,1804,3571,4035,VA,*,F,편ㅎ,*,*,*,*
편벽되,1804,3571,4035,VA,*,F,편벽되,*,*,*,*
편찮,1804,3572,4035,VA,*,T,편찮,*,*,*,*
편하,1804,3571,2023,VA,*,F,편하,*,*,*,*
편허,1804,3571,4035,VA,*,F,편허,*,*,*,*
편협되,1804,3571,4035,VA,*,F,편협되,*,*,*,*
편히,1804,3571,4066,VA,*,F,편히,*,*,*,*
폐스럽,1804,3572,4035,VA,*,T,폐스럽,*,*,*,*
포악스럽,1804,3572,4035,VA,*,T,포악스럽,*,*,*,*
폭넓,1804,3572,3646,VA,*,T,폭넓,*,*,*,*
표독스럽,1804,3572,4035,VA,*,T,표독스럽,*,*,*,*
푸닥지,1804,3571,4035,VA,*,F,푸닥지,*,*,*,*
푸더분하,1804,3571,4035,VA,*,F,푸더분하,*,*,*,*
푸르,1804,3571,3581,VA,*,F,푸르,*,*,*,*
푸르디푸르,1804,3571,4035,VA,*,F,푸르디푸르,*,*,*,*
푸르르,1804,3571,4032,VA,*,F,푸르르,*,*,*,*
푸지,1804,3571,4008,VA,*,F,푸지,*,*,*,*
푸하,1804,3571,4035,VA,*,F,푸하,*,*,*,*
푼푼하,1804,3571,4035,VA,*,F,푼푼하,*,*,*,*
품위있,1804,3572,4776,VA,*,T,품위있,*,*,*,*
풋되,1804,3571,4035,VA,*,F,풋되,*,*,*,*
풍만스럽,1804,3572,4035,VA,*,T,풍만스럽,*,*,*,*
풍미롭,1804,3572,4035,VA,*,T,풍미롭,*,*,*,*
풍성스럽,1804,3572,4035,VA,*,T,풍성스럽,*,*,*,*
피어리,1804,3571,4037,VA,*,F,피어리,*,*,*,*
필요없,1804,3572,4830,VA,*,T,필요없,*,*,*,*
하,1804,3571,7286,VA,*,F,하,*,*,*,*
하고많,1804,3572,4539,VA,*,T,하고많,*,*,*,*
하고프,1804,3571,4035,VA,*,F,하고프,*,*,*,*
하고하,1804,3571,4040,VA,*,F,하고하,*,*,*,*
하나같,1804,3572,4037,VA,*,T,하나같,*,*,*,*
하릴없,1804,3572,4035,VA,*,T,하릴없,*,*,*,*
하많,1804,3572,4035,VA,*,T,하많,*,*,*,*
하야말갛,1804,3572,4035,VA,*,T,하야말갛,*,*,*,*
하얗,1804,3572,3646,VA,*,T,하얗,*,*,*,*
하염없,1804,3572,4044,VA,*,T,하염없,*,*,*,*
하이얗,1804,3572,4035,VA,*,T,하이얗,*,*,*,*
하이하,1804,3571,4037,VA,*,F,하이하,*,*,*,*
하잘것없,1804,3572,3470,VA,*,T,하잘것없,*,*,*,*
하찮,1804,3572,3749,VA,*,T,하찮,*,*,*,*
하치않,1804,3572,4035,VA,*,T,하치않,*,*,*,*
한가롭,1804,3572,4035,VA,*,T,한가롭,*,*,*,*
한가스럽,1804,3572,4035,VA,*,T,한가스럽,*,*,*,*
한갓되,1804,3571,4035,VA,*,F,한갓되,*,*,*,*
한갓지,1804,3571,4035,VA,*,F,한갓지,*,*,*,*
한결같,1804,3572,3780,VA,*,T,한결같,*,*,*,*
한량없,1804,3572,4035,VA,*,T,한량없,*,*,*,*
한스럽,1804,3572,4035,VA,*,T,한스럽,*,*,*,*
한심스럽,1804,3572,4035,VA,*,T,한심스럽,*,*,*,*
한없,1804,3572,4052,VA,*,T,한없,*,*,*,*
한탄스럽,1804,3572,4035,VA,*,T,한탄스럽,*,*,*,*
한하,1804,3571,4068,VA,*,F,한하,*,*,*,*
할갑,1804,3572,4035,VA,*,T,할갑,*,*,*,*
할랑하,1804,3571,4035,VA,*,F,할랑하,*,*,*,*
해롭,1804,3572,4374,VA,*,T,해롭,*,*,*,*
해말갛,1804,3572,4035,VA,*,T,해말갛,*,*,*,*
해맑,1804,3572,3620,VA,*,T,해맑,*,*,*,*
해묵,1804,3572,3938,VA,*,T,해묵,*,*,*,*
해밝,1804,3572,4035,VA,*,T,해밝,*,*,*,*
해사스럽,1804,3572,4035,VA,*,T,해사스럽,*,*,*,*
해이하,1804,3571,4035,VA,*,F,해이하,*,*,*,*
햇갈리,1804,3571,4035,VA,*,F,햇갈리,*,*,*,*
햐얗,1804,3572,4035,VA,*,T,햐얗,*,*,*,*
향그럽,1804,3572,4035,VA,*,T,향그럽,*,*,*,*
허구많,1804,3572,4035,VA,*,T,허구많,*,*,*,*
허구허,1804,3571,4035,VA,*,F,허구허,*,*,*,*
허랑방탕스럽,1804,3572,4035,VA,*,T,허랑방탕스럽,*,*,*,*
허망되,1804,3571,4035,VA,*,F,허망되,*,*,*,*
허망스럽,1804,3572,4035,VA,*,T,허망스럽,*,*,*,*
허물없,1804,3572,4050,VA,*,T,허물없,*,*,*,*
허벌나,1804,3571,4035,VA,*,F,허벌나,*,*,*,*
허수룩하,1804,3571,4035,VA,*,F,허수룩하,*,*,*,*
허여멀겋,1804,3572,4019,VA,*,T,허여멀겋,*,*,*,*
허옇,1804,3572,4035,VA,*,T,허옇,*,*,*,*
허울좋,1804,3572,4035,VA,*,T,허울좋,*,*,*,*
허이옇,1804,3572,4035,VA,*,T,허이옇,*,*,*,*
허잘것없,1804,3572,4035,VA,*,T,허잘것없,*,*,*,*
허접스럽,1804,3572,4035,VA,*,T,허접스럽,*,*,*,*
허탈스럽,1804,3572,4035,VA,*,T,허탈스럽,*,*,*,*
허하,1804,3571,3733,VA,*,F,허하,*,*,*,*
허허롭,1804,3572,4035,VA,*,T,허허롭,*,*,*,*
허황되,1804,3571,4035,VA,*,F,허황되,*,*,*,*
허황스럽,1804,3572,4035,VA,*,T,허황스럽,*,*,*,*
헌걸차,1804,3571,4035,VA,*,F,헌걸차,*,*,*,*
헐겁,1804,3572,4035,VA,*,T,헐겁,*,*,*,*
헐벗,1804,3572,4035,VA,*,T,헐벗,*,*,*,*
헐수할수없,1804,3572,4035,VA,*,T,헐수할수없,*,*,*,*
헐하,1804,3571,4035,VA,*,F,헐하,*,*,*,*
헐허,1804,3571,4035,VA,*,F,헐허,*,*,*,*
험상궂,1804,3572,3880,VA,*,T,험상궂,*,*,*,*
험상궃,1804,3572,4035,VA,*,T,험상궃,*,*,*,*
험상스럽,1804,3572,4035,VA,*,T,험상스럽,*,*,*,*
험악스럽,1804,3572,4035,VA,*,T,험악스럽,*,*,*,*
험하,1804,3571,4065,VA,*,F,험하,*,*,*,*
험허,1804,3571,4035,VA,*,F,험허,*,*,*,*
헛되,1804,3571,3213,VA,*,F,헛되,*,*,*,*
헤벌어지,1804,3571,4035,VA,*,F,헤벌어지,*,*,*,*
헤식,1804,3572,4035,VA,*,T,헤식,*,*,*,*
헤프,1804,3571,3861,VA,*,F,헤프,*,*,*,*
혁혁하,1804,3571,4035,VA,*,F,혁혁하,*,*,*,*
현란스럽,1804,3572,4035,VA,*,T,현란스럽,*,*,*,*
혐오스럽,1804,3572,4182,VA,*,T,혐오스럽,*,*,*,*
혐의스럽,1804,3572,4035,VA,*,T,혐의스럽,*,*,*,*
형편없,1804,3572,3433,VA,*,T,형편없,*,*,*,*
호동그랗,1804,3572,4035,VA,*,T,호동그랗,*,*,*,*
호되,1804,3571,2976,VA,*,F,호되,*,*,*,*
호리호리하,1804,3571,4035,VA,*,F,호리호리하,*,*,*,*
호화롭,1804,3572,4141,VA,*,T,호화롭,*,*,*,*
호화스럽,1804,3572,4035,VA,*,T,호화스럽,*,*,*,*
혹하,1804,3571,4046,VA,*,F,혹하,*,*,*,*
혼곤하,1804,3571,4035,VA,*,F,혼곤하,*,*,*,*
혼미롭,1804,3572,4035,VA,*,T,혼미롭,*,*,*,*
홀하,1804,3571,4041,VA,*,F,홀하,*,*,*,*
화기롭,1804,3572,4035,VA,*,T,화기롭,*,*,*,*
화끈하,1804,3571,4065,VA,*,F,화끈하,*,*,*,*
화안하,1804,3571,4035,VA,*,F,화안하,*,*,*,*
환하,1804,3571,2890,VA,*,F,환하,*,*,*,*
활기차,1804,3571,4035,VA,*,F,활기차,*,*,*,*
활발스럽,1804,3572,4035,VA,*,T,활발스럽,*,*,*,*
황공스럽,1804,3572,4035,VA,*,T,황공스럽,*,*,*,*
황당스럽,1804,3572,4035,VA,*,T,황당스럽,*,*,*,*
황량스럽,1804,3572,4035,VA,*,T,황량스럽,*,*,*,*
황막스럽,1804,3572,4035,VA,*,T,황막스럽,*,*,*,*
황송스럽,1804,3572,4035,VA,*,T,황송스럽,*,*,*,*
황홀스럽,1804,3572,4035,VA,*,T,황홀스럽,*,*,*,*
횅하,1804,3571,4035,VA,*,F,횅하,*,*,*,*
회붐하,1804,3571,4035,VA,*,F,회붐하,*,*,*,*
횡하,1804,3571,4035,VA,*,F,횡하,*,*,*,*
후덕스럽,1804,3572,4035,VA,*,T,후덕스럽,*,*,*,*
후덥,1804,3572,4043,VA,*,T,후덥,*,*,*,*
후미지,1804,3571,4035,VA,*,F,후미지,*,*,*,*
후지,1804,3571,3735,VA,*,F,후지,*,*,*,*
후하,1804,3571,3089,VA,*,F,후하,*,*,*,*
후허,1804,3571,4035,VA,*,F,후허,*,*,*,*
훤하,1804,3571,4035,VA,*,F,훤하,*,*,*,*
훤허,1804,3571,4035,VA,*,F,훤허,*,*,*,*
휑하,1804,3571,3362,VA,*,F,휑하,*,*,*,*
휘둥그렇,1804,3572,4035,VA,*,T,휘둥그렇,*,*,*,*
휘둥그리,1804,3571,4035,VA,*,F,휘둥그리,*,*,*,*
휘번하,1804,3571,4035,VA,*,F,휘번하,*,*,*,*
휘엿하,1804,3571,4035,VA,*,F,휘엿하,*,*,*,*
휘황스럽,1804,3572,4035,VA,*,T,휘황스럽,*,*,*,*
흉망스럽,1804,3572,4035,VA,*,T,흉망스럽,*,*,*,*
흉맹스럽,1804,3572,4035,VA,*,T,흉맹스럽,*,*,*,*
흉물스럽,1804,3572,4035,VA,*,T,흉물스럽,*,*,*,*
흉악망측스럽,1804,3572,4035,VA,*,T,흉악망측스럽,*,*,*,*
흉악스럽,1804,3572,4035,VA,*,T,흉악스럽,*,*,*,*
흉측스럽,1804,3572,4035,VA,*,T,흉측스럽,*,*,*,*
흉칙스럽,1804,3572,4035,VA,*,T,흉칙스럽,*,*,*,*
흉포스럽,1804,3572,4035,VA,*,T,흉포스럽,*,*,*,*
흉하,1804,3571,2506,VA,*,F,흉하,*,*,*,*
흐드러지,1804,3571,3374,VA,*,F,흐드러지,*,*,*,*
흐리,1804,3571,3589,VA,*,F,흐리,*,*,*,*
흐리디흐리,1804,3571,4035,VA,*,F,흐리디흐리,*,*,*,*
흐무러지,1804,3571,4035,VA,*,F,흐무러지,*,*,*,*
흐벅지,1804,3571,4034,VA,*,F,흐벅지,*,*,*,*
흔ㅎ,1804,3571,4035,VA,*,F,흔ㅎ,*,*,*,*
흔들리우,1804,3571,4035,VA,*,F,흔들리우,*,*,*,*
흔연스럽,1804,3572,4035,VA,*,T,흔연스럽,*,*,*,*
흔쾌스럽,1804,3572,4035,VA,*,T,흔쾌스럽,*,*,*,*
흔하,1804,3571,3104,VA,*,F,흔하,*,*,*,*
흖,1804,3572,4035,VA,*,T,흖,*,*,*,*
흠칠하,1804,3571,4035,VA,*,F,흠칠하,*,*,*,*
흠허,1804,3571,4035,VA,*,F,흠허,*,*,*,*
흡족스럽,1804,3572,4035,VA,*,T,흡족스럽,*,*,*,*
흥겹,1804,3572,4001,VA,*,T,흥겹,*,*,*,*
흥미롭,1804,3572,4091,VA,*,T,흥미롭,*,*,*,*
희,1804,3571,5013,VA,*,F,희,*,*,*,*
희디희,1804,3571,4035,VA,*,F,희디희,*,*,*,*
희떱,1804,3572,4035,VA,*,T,희떱,*,*,*,*
희맑,1804,3572,4035,VA,*,T,희맑,*,*,*,*
희망차,1804,3571,4035,VA,*,F,희망차,*,*,*,*
희멀겋,1804,3572,4035,VA,*,T,희멀겋,*,*,*,*
희묽,1804,3572,4035,VA,*,T,희묽,*,*,*,*
희부옇,1804,3572,4035,VA,*,T,희부옇,*,*,*,*
희뿌옇,1804,3572,4035,VA,*,T,희뿌옇,*,*,*,*
희푸르,1804,3571,4032,VA,*,F,희푸르,*,*,*,*
희한스럽,1804,3572,4035,VA,*,T,희한스럽,*,*,*,*
힁하,1804,3571,4035,VA,*,F,힁하,*,*,*,*
힘겹,1804,3572,3957,VA,*,T,힘겹,*,*,*,*
힘들,1804,3572,1804,VA,*,T,힘들,*,*,*,*
힘세,1804,3571,4035,VA,*,F,힘세,*,*,*,*
힘쎄,1804,3571,4035,VA,*,F,힘쎄,*,*,*,*
힘없,1804,3572,4218,VA,*,T,힘없,*,*,*,*
힘있,1804,3572,4415,VA,*,T,힘있,*,*,*,*
힘지,1804,3571,4035,VA,*,F,힘지,*,*,*,*
힘차,1804,3571,3372,VA,*,F,힘차,*,*,*,*
